PID,action,file_loc,New File Name
8228652477708278,update,/collections/11ea8f62-fe1e-43ea-94bc-9abc4273b3e5.png,11ea8f62-fe1e-43ea-94bc-9abc4273b3e5.png
5626663352808625,update,/collections/55eb3918-f0bf-468c-b7a4-1fd92ef33962.png,55eb3918-f0bf-468c-b7a4-1fd92ef33962.png
6372136984450563,update,/collections/edfb737e-80ea-48f4-8d88-aa5feb045e19.png,edfb737e-80ea-48f4-8d88-aa5feb045e19.png
4984635552758454,update,/collections/d7a41eef-3e37-4ff6-bc31-d2ea6900e334.png,d7a41eef-3e37-4ff6-bc31-d2ea6900e334.png
6772322148471499,update,/collections/8b2b90c7-ea98-40b9-9bd1-287e5d347ee0.png,8b2b90c7-ea98-40b9-9bd1-287e5d347ee0.png
35191208866537104,update,/collections/d217a4b5-9a32-4536-a47f-bad35e9d42f7.png,d217a4b5-9a32-4536-a47f-bad35e9d42f7.png
7486736340918494,update,/collections/ef8abd89-12d2-45e2-b4a7-7b4704d7b541.png,ef8abd89-12d2-45e2-b4a7-7b4704d7b541.png
848501635528683,update,/collections/b196b046-4dbf-4d55-984f-b3e06dc08b0d.png,b196b046-4dbf-4d55-984f-b3e06dc08b0d.png
538080398356078,null,,
1952103092377484,update,/collections/42a2466f-9a31-431d-859e-4cb8604e0f39.png,42a2466f-9a31-431d-859e-4cb8604e0f39.png
3975719127757711,update,/collections/49ed941e-f183-4c73-ac30-782cfbc954b6.png,49ed941e-f183-4c73-ac30-782cfbc954b6.png
6379595106000482,update,/collections/6be37992-0f75-49c9-9292-58d1f3f48097.png,6be37992-0f75-49c9-9292-58d1f3f48097.png
6303159930987561,update,/collections/f597b64d-528f-413a-b445-926bb8a3caa4.png,f597b64d-528f-413a-b445-926bb8a3caa4.png
6037759467404493,update,/collections/c258b060-aa7b-48c8-bb5d-92c5d2714ee6.png,c258b060-aa7b-48c8-bb5d-92c5d2714ee6.png
2619521954494888,null,,
38873389090594430,null,,
6882584162737526,update,/collections/2f5ac60f-b5cf-4284-95e7-556718366568.png,2f5ac60f-b5cf-4284-95e7-556718366568.png
5805882799985387,null,,
1500718307312039,update,/collections/9c238e28-4705-430e-b8ff-64be7e9d7bf4.png,9c238e28-4705-430e-b8ff-64be7e9d7bf4.png
1926319455650236,update,/collections/8e4a4dc1-3b24-4956-8605-7ba1227afd58.png,8e4a4dc1-3b24-4956-8605-7ba1227afd58.png
5655898953407426,update,/collections/a5d49bc1-3c68-4bcc-b30e-29df79263881.png,a5d49bc1-3c68-4bcc-b30e-29df79263881.png
20937992260557616,update,/collections/62a03d7f-fb4b-4ee1-bced-0399dd7a9431.png,62a03d7f-fb4b-4ee1-bced-0399dd7a9431.png
9855014222488512,update,/collections/6859cc77-8e4f-451d-b52d-53569dbae821.png,6859cc77-8e4f-451d-b52d-53569dbae821.png
4793402539693783,update,/collections/4c303ad6-68d2-4225-af6b-8e996f6936c2.png,4c303ad6-68d2-4225-af6b-8e996f6936c2.png
9087578153557212,update,/collections/a9b78e4e-f12b-49c8-9908-ff0cdcdbb0c2.png,a9b78e4e-f12b-49c8-9908-ff0cdcdbb0c2.png
4143282259300991,update,/collections/f40c56c6-2b64-4f0e-a528-879ee947ecb7.png,f40c56c6-2b64-4f0e-a528-879ee947ecb7.png
8207390169730131,null,,
6934819057318276,update,/collections/f19a395b-355e-4864-a5aa-ceb490cbac7b.png,f19a395b-355e-4864-a5aa-ceb490cbac7b.png
49068930563766264,update,/collections/14118e31-b3aa-417b-a144-ac99d87b648c.png,14118e31-b3aa-417b-a144-ac99d87b648c.png
3851040867157811,update,/collections/7254cab6-da1b-4705-aad9-1acde65eabf6.png,7254cab6-da1b-4705-aad9-1acde65eabf6.png
4390234907157422,update,/collections/e6d243fd-8944-4602-9b56-89a46cddcf6c.png,e6d243fd-8944-4602-9b56-89a46cddcf6c.png
26380597537425544,update,/collections/a7f600f4-4b89-4992-8aa9-d091843871ab.png,a7f600f4-4b89-4992-8aa9-d091843871ab.png
6037198836089912,update,/collections/ae872c2e-7ded-4366-9efd-8138183d1f9a.png,ae872c2e-7ded-4366-9efd-8138183d1f9a.png
6444991690459418,update,/collections/10e0b567-3fdb-4705-91c9-11da407f2bd2.png,10e0b567-3fdb-4705-91c9-11da407f2bd2.png
2853034677235191,update,/collections/ab32ae16-6edc-4064-8a3e-3c3c28c4b7c0.png,ab32ae16-6edc-4064-8a3e-3c3c28c4b7c0.png
8922826841402249,update,/collections/f59584db-ef71-4a1d-b5da-c57055638e5a.png,f59584db-ef71-4a1d-b5da-c57055638e5a.png
6524818791020588,update,/collections/b3189655-f128-4718-9f7b-f293e23eb8a9.png,b3189655-f128-4718-9f7b-f293e23eb8a9.png
9118411587595364,update,/collections/ab277156-b538-43e5-a994-6695b21113ce.png,ab277156-b538-43e5-a994-6695b21113ce.png
7577128020292379,update,/collections/d0f12b64-bc43-4e59-8c45-d888830897c3.png,d0f12b64-bc43-4e59-8c45-d888830897c3.png
18086026235858576,update,/collections/f671ed71-4e51-48e1-b34f-cd9056cfde34.png,f671ed71-4e51-48e1-b34f-cd9056cfde34.png