MK1 Mongo Object id,Update Value
5f315cc2a77e66a37134f5f9,Variable
5f315e34a77e66a37134f66d,Variable
5f31630a10d5b8a86e38eeb3,Variable
5f31630b10d5b8a86e38eeb4,Variable
5f31630d10d5b8a86e38eeb5,Variable
5f31630e10d5b8a86e38eeb6,Variable
5f31630f10d5b8a86e38eeb7,Variable
5f31631110d5b8a86e38eeb8,Variable
5f31633410d5b8a86e38eece,Variable
5f31633510d5b8a86e38eecf,Variable
5f31633610d5b8a86e38eed0,Variable
5f31633610d5b8a86e38eed1,Variable
5f31633810d5b8a86e38eed2,Variable
5fe4135f336bdd466633dc14,2-6 months
5fe41ac3336bdd08e533dc15,2-6 months
602b9b4031ccebfb7f93a840,2-6 months
602e584bc500bd91f5d27f07,1-2 months
602e5cbfc500bd91f5d27f0a,1-2 months
602e5d42c500bd91f5d27f0b,1-2 months
602e5d6bc500bd91f5d27f0d,1-2 weeks
602e5d8fc500bd91f5d27f0e,2-4 weeks
60332c5f44ae493f7ceebf24,Other
60332cb244ae497fc9eebf25,Other
60332ccb44ae49af43eebf27,Other
60332ccc44ae4925fbeebf28,Other
60332cd344ae49553feebf29,Other
60332cd444ae4984feeebf2a,Other
60332ce644ae495043eebf2b,Other
60338c15728ddc3804b5e5e9,Other
60338c17728ddc3804b5e5eb,Other
60338c82728ddc3804b5e5ed,Other
60338c83728ddc3804b5e5ee,Other
60338c84728ddc3804b5e5ef,Other
60338ca2728ddc3804b5e5f0,Other
60338ca3728ddc3804b5e5f1,Other
60338ca4728ddc3804b5e5f2,Other
60338cae728ddc3804b5e5f3,Other
60338cd9728ddc3804b5e5fa,Other
60338cfa728ddc3804b5e5fb,Other
60338d51728ddc3804b5e607,Other
60338d57728ddc3804b5e608,Other
60338d87728ddc3804b5e609,Other
60338db1728ddc3804b5e60b,Other
60338db3728ddc3804b5e60c,Other
60338dbf728ddc3804b5e60d,Other
60338e2b728ddc3804b5e60f,Other
60338e2f728ddc3804b5e611,Other
60338e30728ddc3804b5e612,Other
60338e7d728ddc3804b5e613,Other
60338eb1728ddc3804b5e614,Other
60338eb3728ddc3804b5e615,Other
60338ec9728ddc3804b5e620,Other
60338ecb728ddc3804b5e621,Other
60338ecd728ddc3804b5e622,Other
60338ecf728ddc3804b5e623,Other
60338ed3728ddc3804b5e624,Other
60338edc728ddc3804b5e625,Other
60338edf728ddc3804b5e626,Other
60338ee0728ddc3804b5e627,Other
60338ee4728ddc3804b5e628,Other
60338ee5728ddc3804b5e629,Other
60338ee6728ddc3804b5e62a,Other
60338ee8728ddc3804b5e62b,Other
60338ef9728ddc3804b5e62c,Other
60338efa728ddc3804b5e62d,Other
60338f08728ddc3804b5e62f,Other
60338f09728ddc3804b5e630,Other
60338f12728ddc3804b5e631,Other
60338f5a728ddc3804b5e632,Other
60338fad728ddc3804b5e633,Other
60338faf728ddc3804b5e634,Other
60338fb5728ddc3804b5e635,Other
60338fb6728ddc3804b5e636,Other
60338fc1728ddc3804b5e637,Other
60338fd9728ddc3804b5e645,Other
60338fda728ddc3804b5e646,Other
60338fdb728ddc3804b5e647,Other
60339014728ddc3804b5e648,Other
60339044728ddc3804b5e64b,Other
60339071728ddc3804b5e64c,Other
6033907d728ddc3804b5e64d,Other
6033907f728ddc3804b5e64e,Other
6033908d728ddc3804b5e64f,Other
603390a0728ddc3804b5e650,Other
603390a1728ddc3804b5e651,Other
603390a2728ddc3804b5e652,Other
603390a3728ddc3804b5e653,Other
603390e9728ddc3804b5e655,Other
603390fa728ddc3804b5e657,Other
603390fc728ddc3804b5e658,Other
603390fe728ddc3804b5e659,Other
60339101728ddc3804b5e65a,Other
6033910a728ddc3804b5e65b,Other
60339128728ddc3804b5e65c,Other
6033912d728ddc3804b5e65d,Other
6033912e728ddc3804b5e65e,Other
60339144728ddc3804b5e660,Other
6033914c728ddc3804b5e662,Other
6033914e728ddc3804b5e663,Other
6033914f728ddc3804b5e664,Other
60339153728ddc3804b5e665,Other
6033916d728ddc3804b5e666,Other
6033916f728ddc3804b5e667,Other
60339170728ddc3804b5e668,Other
60339171728ddc3804b5e669,Other
60339177728ddc3804b5e66a,Other
60339178728ddc3804b5e66b,Other
6033917e728ddc3804b5e66c,Other
6033917f728ddc3804b5e66d,Other
60339195728ddc3804b5e66f,Other
60339198728ddc3804b5e671,Other
6033919b728ddc3804b5e673,Other
6033919c728ddc3804b5e674,Other
603391a6728ddc3804b5e675,Other
603391ab728ddc3804b5e676,Other
603391ac728ddc3804b5e677,Other
603391ad728ddc3804b5e678,Other
603391ae728ddc3804b5e679,Other
603391af728ddc3804b5e67a,Other
603391b0728ddc3804b5e67b,Other
603391b2728ddc3804b5e67c,Other
603391b5728ddc3804b5e67d,Other
603391b6728ddc3804b5e67e,Other
603391cc728ddc3804b5e67f,Other
603391d0728ddc3804b5e680,Other
603391d2728ddc3804b5e681,Other
603391e7728ddc3804b5e683,Other
603391f0728ddc3804b5e685,Other
603391f2728ddc3804b5e686,Other
6034d2189b0a6e8d2b871511,2-6 months
603773f6886c6f290a1ce600,2-6 months
6038bf629ecacb57a30f03b6,Other
6038bfde9ecacb57a30f03b7,Other
6038bfe09ecacb57a30f03b8,1-2 months
6038bfed9ecacb57a30f03b9,1-2 months
6038c1939ecacb57a30f03bb,1-2 months
6038c3519ecacb57a30f03bd,1-2 months
6038c3d69ecacb57a30f03be,Variable
6038c3e79ecacb57a30f03bf,Less than 1 week
6038c4629ecacb57a30f03c1,1-2 months
6038c46c9ecacb57a30f03c2,1-2 months
6038c4729ecacb57a30f03c3,1-2 weeks
6038c4819ecacb57a30f03c4,1-2 months
6038c4999ecacb57a30f03c6,Other
6038c4a09ecacb57a30f03c7,Less than 1 week
603d32782d88ebacb8be8043,Other
603e2db823a831f00dc75fff,Variable
6040b231805925b3b9325120,Other
6040b23f805925b3b9325121,Other
6040b34b805925b3b9325122,1-2 months
6040b3ed805925b3b9325123,Less than 1 week
606d2380e8f8f142d7989d51,Other
60711528a5498c532f6dd6f4,Variable
6071152da5498c7b866dd6f5,Variable
607118e5a5498c303b6dd705,Variable
6071193da5498c61e86dd709,Variable
6071201ca5498c56886dd71c,Variable
6071207da5498cd51e6dd71e,Variable
607120d8a5498c13f16dd71f,Variable
60759f4b7470380fd13d3258,Variable
60780dd8a2aac55838b0a453,Other
60780dd9a2aac55838b0a454,Other
60780deba2aac55838b0a458,Other
60780e13a2aac55838b0a459,Variable
60780e52a2aac55838b0a45b,Other
60780ebaa2aac55838b0a462,Other
60780ec5a2aac55838b0a463,Other
60780ec6a2aac55838b0a464,1-2 months
60780ee4a2aac55838b0a46c,Not applicable
60780f4ea2aac55838b0a472,Other
60780f58a2aac55838b0a473,Other
60780f79a2aac55838b0a474,Other
60780ff0a2aac55838b0a485,Other
60780ff1a2aac55838b0a486,Other
60780ff2a2aac55838b0a487,Other
60780ff3a2aac55838b0a488,Other
60781021a2aac55838b0a4a8,Other
60781028a2aac55838b0a4ac,Other
60781062a2aac55838b0a4b7,Other
60781076a2aac55838b0a4b8,Other
60781077a2aac55838b0a4b9,Other
60781078a2aac55838b0a4ba,Other
60781079a2aac55838b0a4bb,Other
60781092a2aac55838b0a4bd,Other
607810d2a2aac55838b0a4c0,Other
607810d4a2aac55838b0a4c1,Other
607810dba2aac55838b0a4c2,Other
607810dca2aac55838b0a4c3,Other
60781104a2aac55838b0a4c6,Other
60781115a2aac55838b0a4c7,2-6 months
6078111ca2aac55838b0a4c8,Other
6078112aa2aac55838b0a4c9,Other
60895f2bc83bf980a223ed22,1-2 weeks
60a65e1768470317e3cfa907,2-6 months
60a76690eb0aa765ee606d2d,2-6 months
60a76d0a6eaee7a9535fa482,2-6 months
60a7701e6eaee7a1e95fa487,2-6 months
60a77677fc1e5693d7a3cfc6,2-6 months
60b8ad7248a956702c4c8f28,1-2 months
60bf93d86371a60bf985537f,Other
60c35580e0903b2cde67a815,Not applicable
60e6f2b1ef4c657f93f2e7d6,2-4 weeks
610a74983e4c0523b5cac11c,Variable
610a87b380d9aeb5c651d1ce,1-2 months
610d3ee9a238c86fd2d12a50,Variable
610d4191a238c85a8ad12d04,Variable
610d4316a238c84b5bd12f90,Variable
610d4512a238c80542d13199,Variable
6113adc4236fc68190f8371a,Other
611e3c98db290217c5b4d378,2-6 months
611e3d86db29025a19b4d423,2-6 months
611e3e0adb2902368db4d4d6,2-6 months
611fc60c87829a842110d415,Other
6125ff0b456973083d26f472,2-6 months
61323767d3df0edab17e2db6,2-6 months
61323d2ed3df0e166d7e34f3,2-6 months
613242e5d3df0e5c567e3f15,2-6 months
613244f4d3df0e2ef27e40af,2-6 months
6132473cd3df0ec6947e42a5,2-6 months
61324a70d3df0e15c47e4533,2-6 months
613a1337d31ecc6f94d55906,Not applicable
613a1607d31ecc5a36d55f32,Not applicable
613b7bf1b8b58d1d64536895,2-6 months
6142239a9412064b83ff711e,2-6 months
614890cb9b8d151d136be764,Less than 1 week
6156c5ed7c92ddd34a2b0d7c,Variable
6156f5d77c92ddb6b32b42cb,Variable
6156f5d77c92dd550c2b42cd,Variable
6156f5d77c92dd491e2b42cf,Variable
6156f5d77c92dd54ed2b42d1,Variable
6156f5d77c92dd73a52b42d3,Variable
615b1d7501c8f6020614f898,Variable
61604e3cc8c15e8238769871,2-6 months
6163f630c8c15e38d7777eb3,2-4 weeks
61643988c8c15e3f7077c9fe,Variable
61643cd0c8c15e6e0377ce8d,Variable
61643f44c8c15e44da77d571,Variable
6164435cc8c15e6ac777dbab,Other
61644f26c8c15ebe7877ee56,Other
61658212dc49df3352b46267,2-4 weeks
6166f5354b587364b85af2cb,2-6 months
6166f8444b58730df65af7ef,2-6 months
616d74f9b8cd642f9fd24e06,2-4 weeks
616d87d5b8cd645acfd26459,2-4 weeks
6178095ca23fe129686e31ed,Variable
6178095ca23fe100b56e31ef,Variable
6178095ca23fe166b66e31f1,Variable
6178095ca23fe16b2a6e31f3,Variable
6178095ca23fe12d906e3205,Variable
6178095ca23fe156f66e320d,Variable
6178095ca23fe1911d6e320f,Variable
6178095ca23fe13a496e3211,Variable
6178095ca23fe1db146e3213,Variable
6178095ca23fe12b416e3215,Variable
6178095ca23fe1f4fa6e3217,Variable
6178095ca23fe179bf6e3219,Variable
6178095ca23fe1ccc46e321b,Variable
6178095ca23fe1bad96e321d,Variable
6178095ca23fe157db6e3223,Variable
6178095ca23fe1e1cc6e3225,Variable
6178095ca23fe129696e3227,Variable
6178095ca23fe1056a6e3229,Variable
6178095ca23fe1a9246e322b,Variable
61781c1a04a4a1457052045d,Other
61794ade235d51d601905f4b,Not applicable
61795f44235d51cea6907b44,Variable
61796d79235d516b33908fc6,Variable
61796e3d235d51da199092d1,Variable
61796eee235d5166989093c1,Variable
6179704e235d51a9469094b2,Variable
617a8808235d51da4b91014a,Other
617bfd72d75f999dcd3d37fe,Variable
617c1514d75f99c0603d580e,1-2 months
6183b57fa7f3db71b9fc378a,Variable
618a85812a24d4cb7e4d44ff,2-6 months
618bcecd2a24d43a1c4ea0a5,Other
618be3dfec174b75b512605e,2-4 weeks
618bee4fec174b436b1270a4,2-4 weeks
618cd787ec174b6300135adf,2-4 weeks
618cee2fec174b5fbf138196,2-4 weeks
618cf2d8ec174b2e05138d85,2-4 weeks
618e1d7203b05aff6ca98e06,2-4 weeks
618e212003b05a2f12a99282,Other
618e3cd103b05adb8aa9b389,2-4 weeks
618e480003b05ab66ba9c5ff,2-4 weeks
618e4ffa03b05a8683a9d151,2-4 weeks
61923b925dee3e655532c55c,Variable
6194d4e8e5a939eebaeb1807,Not applicable
619f74ce23e5df61e332a0ce,2-6 months
619f757623e5df1d9632a2e3,2-6 months
619f75a623e5df418832a3db,2-6 months
619f763a23e5df0ac532a6d3,2-6 months
619f764a23e5df0d7f32a745,2-6 months
619f76b123e5df419232a85c,Not applicable
619f76c323e5df19d432a97a,Not applicable
619f76f423e5dff64a32abc3,2-6 months
61a9c49a1fa153c6de0c2769,2-6 months
61bb3a67f913118d4d981e2e,1-2 months
61bb5564c5691845059d3279,1-2 months
61bb5a67c569188d979d460b,1-2 months
61bb5ca6c5691890969d4b10,1-2 months
61d4322fa3c1112750551192,Variable
61d4329ba3c11153325512a9,Variable
61d434cca3c111a5c8551a57,Variable
61d43989a3c11134ae5522d3,Variable
61d45c62760f02883c850f31,Variable
61e00d987ab627485f715398,Not applicable
61e83649c9136752faa34e80,1-2 months
61e83babc913674c4ba35bd6,1-2 months
61e83cbec913670f2fa36063,1-2 months
61e83e39c91367730ba36728,1-2 months
61e83fa1c9136782efa36d8c,1-2 months
61e84098c913674375a370ac,1-2 months
61e84164c9136708afa3735a,1-2 months
61e841f5c913674c30a374ef,1-2 months
61e92858b24ec1a20d5b11a7,1-2 months
61e92940b24ec106ee5b1337,1-2 months
61f13a6977c155095c79934d,1-2 months
61f15b6077c155095f79bc79,Other
61f15b9677c15539ad79bd19,Other
61f15c1f77c155569179be84,Other
61f15cb777c155867b79bf65,Other
61f15cdb77c155b8ce79c002,Other
61f15d6b77c15559e579c17d,Other
61f15e6f77c155c85679c323,Other
61f160a377c1555ddd79ccdc,1-2 months
61f25d78481dd5836515d28a,1-2 months
61f26528481dd599a815e507,Variable
61f26f65481dd5f46f15f3c1,Variable
61f27f62481dd5590a1614ab,Variable
61f27fa2481dd55b1c16166f,2-6 months
61f28101481dd52825162c2d,Variable
61f28143481dd52678162cf7,Variable
61f281ef481dd5142d162e6e,Variable
61f28589481dd57a421646ed,Other
61f3d2acc0085484569f9af8,1-2 months
62014762263277e55aaaf286,Other
620a6dbe97d0ac682fdd3530,2-6 months
620ba9fa962baa85a45b28f6,2-6 months
620e2e624b461cd92b1f1dcc,Variable
620e2e624b461c79c51f1dce,Variable
620e2e624b461cbbf21f1dd0,Variable
620e2e624b461ceae51f1dd2,Variable
620e2e624b461c713f1f1dd4,Variable
620e2e624b461cdc261f1dd6,Variable
620e2e624b461ca9641f1dd8,Variable
620e2e624b461c22391f1dda,Variable
620e2e624b461c1ae11f1ddc,Variable
620e2e624b461cd24a1f1dde,Variable
620e2e624b461c25451f1de0,Variable
620e2e624b461c72121f1de2,Variable
620e2e624b461c6b1c1f1de4,Variable
620e2e624b461cdd1e1f1de6,Variable
620e2e624b461c2d8b1f1de8,Variable
620e2e624b461c46cf1f1dea,Variable
620e2e624b461c0b241f1dec,Variable
620e2e624b461c9e461f1dee,Variable
620e2e624b461c55901f1df0,Variable
620e2e624b461c70fc1f1df2,Variable
620e2e624b461ce2fc1f1df4,Variable
620e2e624b461c00be1f1df6,Variable
620e2e624b461c7d4c1f1df8,Variable
620e2e624b461c5ed01f1dfa,Variable
620e2e624b461ca7d11f1dfc,Variable
620e2e634b461c52481f1e02,Variable
620e2e634b461cef9a1f1e04,Variable
620e2e634b461c3aaa1f1e06,Variable
620e2e634b461c8eee1f1e08,Variable
620e2e634b461c9b1e1f1e0a,Variable
620e2e634b461cbec01f1e0c,Variable
620e2e634b461ccfeb1f1e0e,Variable
620e2e634b461c6f411f1e10,1-2 months
620e2e634b461ca6bd1f1e12,1-2 months
620e2e634b461ca3bc1f1e18,Variable
620e2e634b461c4bad1f1e1c,Variable
620e2e634b461c57991f1e1e,Variable
620e2e634b461c18101f1e22,Variable
621663b9ca147e354535c9d8,1-2 months
621e281bff9bbd2cd41033e0,Variable
621e2befff9bbd597b103d00,Variable
621e2cf1ff9bbd751f103f87,Variable
621f75bd057cb2840d0f99cf,1-2 months
622754f85e1a9151b459e0fc,Variable
622761065e1a9117e059f4b3,Variable
62288edd4adf16f83b7be020,Variable
6228b99c4adf16b0377c287d,Variable
6246c87bb76770cbb81b696a,2-6 months
625027f30451580b10c867c0,1-2 months
62502936045158730fc869d8,1-2 months
625029ce045158b6b8c86bff,1-2 months
62502c0604515852e3c87482,1-2 months
626beb5ef9f395416d9670e5,Variable
62307a412e36c11e9ce70eb4,1-2 months
6283a795cfaf5204f41218e1,2-4 weeks
6283af3fcfaf52e0bd122749,2-4 weeks
628764ff74aa154859681568,1-2 months
628b3da3a910705091daf80f,1-2 months
628f2b7a2d26e806eb5714bd,2-4 weeks
628f4d2c2d26e8ebc85745c1,2-4 weeks
628f51c22d26e852b1574f1c,2-4 weeks
628f5b06e556086f7fb03025,2-4 weeks
629f301a83ac54e83b3b6335,2-6 months
62a06cfd85e29c7e748b162f,2-4 weeks
62a0706885e29c142e8b1cb4,1-2 months
62a0708885e29cd8df8b1dd0,1-2 months
62a070a585e29c4db48b1f04,2-4 weeks
62a070be85e29c41ee8b1ff4,1-2 months
62a070e185e29c582c8b21ad,1-2 months
62a0710285e29c09708b22a5,More than 6 months
62a0711885e29c70d18b232f,1-2 months
62a0712c85e29cbbfc8b23c9,1-2 months
62a0714685e29cd22e8b2481,1-2 months
62a0715d85e29c80628b2537,1-2 months
62a0718785e29cb4a38b25e1,1-2 months
62a071b785e29cc2a18b26a1,1-2 months
62a071dd85e29c1d638b2781,1-2 months
62a071f885e29c229f8b281a,1-2 months
62a0721485e29c561e8b28c0,1-2 months
62a07b4a85e29c4f8b8b3c23,1-2 months
62a09a9262325b6c7a90a637,2-4 weeks
62a0bcb8bb707660ea6cef00,2-4 weeks
62a1de51b223f52cc1e63c11,2-4 weeks
62a71a911fc60548d49c5d31,2-4 weeks
62a72227cc574c9fb85fc9c2,2-4 weeks
62b97a81be8973480d722281,1-2 months
62d9819571bc322e2ba887aa,Variable
62ea76ec7fd11ab1e4051edc,2-4 weeks
62ed1eea5f0acf60deedb0b1,Variable
62ed24d75f0acf2619edb970,Variable
62ed27c95f0acf2063edbe89,Variable
62ed2c695f0acfe134edc5ea,Variable
62ed2f795f0acf6c4bedcb81,Variable
62ed32415f0acf767cedd649,Variable
62f28038a8e41e4739ffd860,1-2 months
6311c00b93cf9056e877788d,Variable
6318a94dbcee732785e9b683,Not applicable
6319b146befd94ad47e984d1,Less than 1 week
632017792e146ef0317c54ac,2-6 months
6321fda5ca7c206a6eff6e07,1-2 weeks
633ff7b505d2eb24d0a54c7a,1-2 months
6343ecf8d2858f13c4a40d4d,2-6 months
6343ee399e3ff37bab9b9f40,1-2 months
6343ee5d9e3ff3e3e69b9fef,2-6 months
6343ee8a9e3ff3dd029ba0c2,2-6 months
634e8f68c01c4437de8d17c5,1-2 months
634e8fc0c01c449de58d18a1,1-2 months
634e91f5c01c44f9e08d1c39,1-2 months
634e929ec01c4434348d1db9,1-2 months
634e9312c01c44862d8d1e87,1-2 months
634eae4813d46f2c6deb66ce,1-2 months
634fc5224dcd82dfaf359a24,1-2 months
634fd975df2bec37bcbd2f4c,1-2 months
634fdf6c92cd6564263c0e85,1-2 months
634fe08f92cd6514e43c0ffa,1-2 months
634fe1a892cd6577f63c118e,1-2 months
634fe26a92cd65eac33c12b8,1-2 months
634fe2fb92cd6517cc3c13ca,1-2 months
635006ddc238154fb8a28c04,1-2 months
635007bfc23815a988a290f2,1-2 months
63500872c2381511e9a292b9,1-2 months
63500912c238153260a294bd,1-2 months
63500992c238153388a29624,1-2 months
63500a1bc23815048ea2978f,1-2 months
63500ad1c238153c4da298d2,1-2 months
63500b73c23815b43fa29a7e,1-2 months
63500c0cc238155856a29bd7,1-2 months
63500cb4c238150921a29d22,1-2 months
63500d45c238150017a29e90,1-2 months
63500de0c238154c35a2a015,1-2 months
63500e88c238154b72a2a1b4,1-2 months
63500f15c238154fa2a2a376,1-2 months
63500fa1a6718e09cc294f59,1-2 months
63501047f1f6332b38440e2a,1-2 months
63908fa88a2c68e5666fc098,Variable
63bd740cf239d078faa35b5f,2-6 months
63bfcf65b6334c646bf80ccf,2-6 months
63bfd08cb6334c0458f80eba,2-6 months
63d8d08aaf8afa7762624960,Variable
63d8dce9d9210b6543c0fb2e,Variable
63d8de29d9210b2301c101ed,Variable
63ea0cef5ea5b20d959e3220,1-2 months
63f7751e1b6e1d1e797d6e3b,Other
63f8ea517b3caf8ed12843ef,2-4 weeks
63f8f1967b3cafc421284cb5,Variable
63f8f2067b3caf61aa284e56,1-2 months
63f8f23f7b3caf99f5284ec6,2-4 weeks
63f8f2787b3caf39b8284f46,2-4 weeks
63f8f2bf7b3caf14ef284fd7,2-4 weeks
63f8f2e17b3caf38f8285031,2-4 weeks
63f8f30a7b3caf4ac92850c3,2-4 weeks
63f8f3297b3caf805a28511c,2-4 weeks
63f8f96c7b3caf2a042860dd,1-2 months
63f8f9c17b3caf82cc28618a,2-4 weeks
63fa1b05f637ae03ca2d95ac,Variable
63fc838c4663f875423ceff6,1-2 weeks
63fe272d90bf28fd1852f84a,1-2 months
6400ac059e8b1354f43aa19a,Variable
6400ad2038b2ff19d8dca74f,Variable
6400adcb66cafbd75dec3822,Variable
6400aef86c5d57292d5cd26c,Variable
6400af87484e46c5621f0835,Variable
6400afee6a055536d5f0d337,Variable
6400b03e5627a3c120795aa4,Variable
6400b089a53bcf16d39d886f,Variable
6400b0c1a53bcf2d6e9d88d6,Variable
6400b92dcc8a9b3a0ff0bb7f,Variable
640b2cdd2dcf2c25af031ba8,Variable
640b2e852dcf2c7c6a031e6b,2-6 months
640b33b92dcf2ca51d032627,2-6 months
640b37732dcf2cb006032dc8,Variable
640b37b22dcf2c0790032edd,Variable
640b3922e3b5a83667ea4ee2,Variable
640b3961b37ecc8265145974,Variable
640b39a9739d125ead3ad156,Variable
6421c80923441931a28276c7,2-4 weeks
64255bb0d8be63ce5e6fd505,2-4 weeks
6458f4f63229859331b03e1e,Variable
645bc226caf315211e3a1fc7,2-4 weeks
645e59a7e98eec21774d2202,2-6 months
646b31d679080814bb44aaf5,1-2 months
646cbe5bed8c1b23b8b17522,Other
6476073c5a76c47800b9e320,Variable
64890328ab1f6e997d22336b,Other
64890328ab1f6e997d22336a,Other
64890328ab1f6e997d22336f,Other
64890328ab1f6e997d223371,Other
64890328ab1f6e997d223377,Other
64890328ab1f6e997d223378,Other
64890328ab1f6e997d22336c,Other
64890328ab1f6e997d22336e,Other
64890328ab1f6e997d22336d,Other
64890328ab1f6e997d223373,Other
64890328ab1f6e997d223374,Other
64890328ab1f6e997d223379,Other
64890328ab1f6e997d223370,Other
64890328ab1f6e997d223372,Other
64890328ab1f6e997d223375,Other
64890328ab1f6e997d223376,2-6 months
64890328ab1f6e997d22337a,Other
64890328ab1f6e997d22337b,2-6 months
648a548aab1f6e997d223392,Other
648a548aab1f6e997d223394,Other
648a548aab1f6e997d223393,Other
648a548aab1f6e997d223395,Other
648ae31f73d6b4bd4016abe7,2-6 months
648aebe87922d24a2286d9ea,Other
648aecb07922d2597e86dbab,2-6 months
648af2897922d2d23b86e6c9,2-6 months
648af38e7922d27f8286ea5f,2-6 months
648b2a13d261fc3379b3cc27,Not applicable
64a29baadac7d7e26aaf5225,1-2 months
64a7f24ed2ea3ac860d741bb,Other
64ad2719bfc58f4ecb34fdc3,2-6 months
64ad2a14bfc58ff862350231,2-6 months
64c24b21d80217765cff1e02,Other
64c24e2ed802175dadff2195,Variable
64c24ee8d80217785bff2315,Less than 1 week
64c257f8183f9f010a4e6595,Other
64c2899eaf82083723d1b162,Variable
64c28c71af82087a23d1b7fd,Other
64c8b27fbb50638cb93aa195,2-6 months
64d6016d485527253b1a6c4e,2-6 months
64d6019b48552734bf1a6d00,2-6 months
64d601ae48552767c71a6d84,2-6 months
64d601c048552734f61a6e0d,2-6 months
64d601e5485527fa001a6f00,2-6 months
64d601f3485527ae711a6f9c,2-6 months
64d602094855270add1a703a,2-6 months
64d60218485527c3d01a70be,2-6 months
64d60229485527661c1a7147,2-6 months
64d602394855275fff1a71cb,2-6 months
64db2f20393e163e14458441,2-6 months
64ddec01bf852f074f7a47bd,2-6 months
64ddec3fdc512f59ae2ccb29,2-6 months
64ddf19896bee60476cb0ea6,1-2 months
64ddf4e296bee6116bcb17ab,Other
64de00341974321754cc1a75,1-2 months
64de06c2b99bf66d45f984b2,2-6 months
64de11e8a030f005244325f0,2-6 months
64de42aae38abb2a6a35b07a,1-2 months
6500545c212c1fdd3f9650ff,Variable
6500778143ea275e7502df20,Variable
651ecb4ba16a4f7195dab566,2-6 months
6525734160eef11df8b3cd2d,2-6 months
6525737960eef13dbbb3cdfe,2-6 months
652573e160eef16bd1b3cf0a,2-6 months
652574e22141457308add9df,2-6 months
65257582214145a378addb2e,2-6 months
652576db214145e89cadddb1,2-6 months
652578b421414586b2ade1fc,2-6 months
652cec5c282dd12a5468dcdc,1-2 months
653b7e609ef661099ec7b816,1-2 months
6543ad731751c368e6aeb0e6,1-2 months
6548b443c65aa4f3b1ef99d1,2-4 weeks
655223041516da45761cdc7a,2-6 months
655223ae1516dad0b11cddb4,1-2 months
655223d91516da3cab1cde50,1-2 months
655224051516dab8071cdf24,1-2 months
6552242f1516daa5891cdfbe,1-2 months
655224751516da21d01ce105,1-2 months
655224ba1516dabdca1ce1ed,1-2 months
6552253e1516dac98d1ce388,Other
6552258f1516da6fd21ce4ba,1-2 months
655225ac1516dadd341ce563,1-2 months
6555e3c98f712b39f77cdb7d,1-2 months
655b50a29972a0587ce7931f,2-4 weeks
65606ffa4c09db3a413f4f14,2-6 months
6560a60a3154964f684d846d,2-6 months
6560a7e23154967cae4d9045,2-6 months
6567050bdf1dbfd30cb7ba11,2-6 months
65670c2474ff144b4e0a5ae0,2-6 months
656dd26b77000d29fbad7ece,2-6 months
656dd28777000da153ad7f6b,2-6 months
656dd7a077000d444cad8aea,2-6 months
656dd7e177000d49d9ad8bbe,2-6 months
656dd80f77000dae9dad8c75,2-6 months
658c4480d01400b8b63ec7a1,2-4 weeks
658d7fb2a39dc88afe6f59dc,2-4 weeks
65ae8c2713d83c94cd2e1926,1-2 months
65b8f8dd871200b6e8fc8981,1-2 months
65c0c64a35e8977826b38cb0,2-6 months
65c0c73f35e89718dfb39266,2-6 months
65c0c77235e8973d39b3936e,2-6 months
65c0c78635e8978618b39401,2-6 months
65cddb60226933844bc371d6,1-2 months
65cf64412a6715b5f5d4d1bd,2-6 months
65d5d2576e96d4e43c3ef22c,1-2 months
65d5f19a85f4581702a26169,1-2 months
65df27b61cf90f3750574552,2-6 months
65e07270e0b1527672bf7ca5,1-2 months
65e5b7ec30282f14fdf44ec9,2-6 months
65e8789ada871469bc8d71ee,Other
65e88a488117cf70f35f311f,Variable
65e88ba68117cfd62d5f368d,Variable
65e88c198117cf023b5f3815,Variable
65e88ca78117cf0b5d5f39b7,Variable
65f047f51319aa8005cdf8da,1-2 months
65f08428e519c0fbf0126768,2-6 months
65f2fd3a5da7536a6a669676,2-6 months
65f2fe5d5da7539ffe669e4a,2-6 months
65f41da94b48d0740c9ac728,Variable
65f4207c4b48d018ec9ad03a,Variable
65f421ff4b48d090429ad68b,Variable
65f425804b48d02bd29ae4f7,Variable
65f428434b48d065469aec41,Variable
65f4288f4b48d03c769aecdf,Variable
65f428dd4b48d056d59af041,Variable
65f4295a4b48d02eb79af467,2-4 weeks
65f82bd811260a61f9fb4c4d,2-6 months
65fae7f320f5193aa1b52ff1,1-2 months
66041164d3db8f7e9f2b4f3a,1-2 months
6613ee6a3e225b7839eb0476,1-2 months
661d0d57d459e7f07cbdda07,2-4 weeks
6634d793a3b2de818faedcfb,1-2 months
6639ecfe11a0fd952e4c1b23,2-6 months
663a3ba44deb66636926305b,2-6 months
663c8f964328ee47f9011580,2-6 months
663c99d14328ee0bd2013005,2-6 months
663c9c554328eec53b013905,2-6 months
663ca2874328ee02320144a2,1-2 months
663ca3ed4328ee77c2014ab8,1-2 months
663cb92a4328ee5f7f0173cd,1-2 months
663cbb844328ee50f00178f3,1-2 months
663cc0914328eea117018333,1-2 months
663cd61f4328ee57ad01b29d,2-4 weeks
663cd8584328eea0c701b6f7,2-4 weeks
663cdb9dba594a6410a3f1f1,2-4 weeks
663ce4edba594afeaba4042d,2-4 weeks
663dde673c75262dd356b90a,2-6 months
663ddf333c752687c756bd18,2-6 months
663def9637dd4c4d6bb1a4c0,2-6 months
663def9637dd4c4d6bb1a4c2,2-6 months
663def9637dd4c4d6bb1a4c1,2-6 months
663def9637dd4c4d6bb1a4c3,2-6 months
663def9637dd4c4d6bb1a4c5,2-6 months
663def9637dd4c4d6bb1a4c4,2-6 months
663def9637dd4c4d6bb1a4c6,2-6 months
663def9637dd4c4d6bb1a4c7,2-6 months
663def9637dd4c4d6bb1a4c8,1-2 months
663def9637dd4c4d6bb1a4ca,2-6 months
663def9637dd4c4d6bb1a4c9,2-6 months
663def9637dd4c4d6bb1a4cb,Not applicable
663e15d7eb08b7b82405e3c7,1-2 months
663e1dc1654bc65422d0590a,1-2 months
6643188cd4edd61ad081edb2,2-4 weeks
6646200c3ac3841f8d364447,2-6 months
664621443ac3847668364694,2-6 months
66476a98f8d5aa0dad620925,1-2 months
66477046f8d5aa2fba622012,1-2 months
664773f6f8d5aa3731622ee5,1-2 months
664b0e135ca1982169124de6,Variable
664c53fa88b4252dd7c73791,2-6 months
664c547188b4251beac73902,2-6 months
664c689aea93d5e9b447ab0f,1-2 months
664ca8a437fdef62e7106deb,2-6 months
664ca93d37fdef7e58106faa,2-6 months
664ca9b137fdef6f65107126,Other
664cacea37fdef766a107794,2-6 months
664cb6447b9b4b06114251de,2-6 months
664daef57cfc3ad07fc830ac,2-6 months
664dafb87cfc3a5edfc831ff,2-6 months
664db1027cfc3af6b6c835e8,2-6 months
664db1e37cfc3a4653c83738,2-6 months
664db31a7cfc3ac6eac83a87,2-6 months
664dc6b099097b23fe088b8d,2-6 months
664dc7dd99097b4e62088d76,2-6 months
664dc88c99097b814e088edf,2-6 months
664dc99299097b73a308924c,2-6 months
664dcc9199097b6adb089a93,2-6 months
664f2b10a12799244e221fa0,2-4 weeks
664f39e5777184c172de48e8,2-4 weeks
6669936cf815a93e160ce6f0,1-2 months
667a961906308277458af25e,2-6 months
66853f9fc5fc855af5aa3252,2-6 months
66853fa6c5fc85d3c7aa32a2,2-6 months
66853fabc5fc85770faa32e7,2-6 months
66854135c5fc851bc9aa6260,2-6 months
66854158c5fc85a6c4aa62ac,2-6 months
66869311cf2f57153a2c5398,2-6 months
6687fa9b4e63402af9a84942,1-2 months
6687faaa4e63400174a84aa1,1-2 months
668bc4977fe9530cf2e1b852,2-6 months
668bc4e47fe95389a3e1b99f,2-6 months
668bc5087fe953498ce1ba44,2-6 months
668bc5527fe9536f82e1bc0a,2-6 months
668e9745caa06c965da7708d,Variable
6696947e063a5546edf51d2f,2-6 months
6697e4768bc45cb2f3c4b87b,1-2 months
6698fbfd7aede75387e8afad,Other
66a37f2b9630775130875001,2-6 months
66aa4eaea5e4e4f9e3d754b8,Variable
66ab6701c2ef298c1738ae5c,Variable
66ab672bc2ef29064d38afee,Variable
66ab6737c2ef296b9b38b0a7,Variable
66ab674bc2ef29353c38b131,Variable
66ab675ac2ef298c8738b173,Variable
66b4afeb0ca04b8562ead920,Other
66b601e1bda6645f50eaf728,2-4 weeks
66c315b643549f9f367b2c13,2-6 months
66c3232743549f16fa7b4489,2-6 months
66c4b5a08ab9b05660b4ef1c,2-4 weeks
66c5ba5539789e44bf2e5794,2-6 months
66c5fab9e768ec93c8136a01,1-2 months
66c6089ce768ec425e138172,1-2 months
66c8607c317ed15946570fa9,2-6 months
66d02b586069f46cfb475efe,Less than 1 week
66d094f2f464fbafdec1fc84,2-6 months
66d21115b5df00077396154a,2-6 months
66d2192bb5df005e94961e53,2-6 months
66d21aeeb5df0042839620ba,2-6 months
66d6edb42343ff93b756745e,2-6 months
66d6f0782343ff5700567cb3,2-6 months
66d71f484cd8447e9f548b06,1-2 months
66d9c6ad96a0d742828bace0,1-2 months
66dc14e5db72752d9747bb78,1-2 months
66dc4cfa528ab909c96de7d4,1-2 months
66e0054716410919c2fdb623,Variable
66e00b1d10168a3011525a90,2-6 months
66f2abcf565662174bc8b209,1-2 months
66f3b7aac2ca1464f35de26f,2-6 months
66f42f65f98aa12c6b5fd8d3,Variable
66fe66feda62e144d76288ae,Variable
66fe6882da62e12e44628e2d,Variable
66fe68d0da62e10c93628feb,Variable
66fe690eda62e17d136290e4,Variable
66fe6941da62e1016a62918c,Variable
66fe698bda62e13b756292a7,Variable
66fe69c8da62e1c3f9629380,Variable
66fe6a0cda62e1f70062949c,Variable