Mongo Object Id,Mongo Id,Possible DOI,Note,Pubmed ID,Dataset Links pid,Uploader
5f1ff6a0114dcd2cc53e65f8,31912053,,Matched EuropePMC on Title No DOI,31912053,[],
5f1ff6a1114dcd2cc53e68c4,7292602,10.1016/s2589-7500(20)30134-5,Matched EuropePMC and found DOI,32835195,[],
5f804a7fcad586259e3fce8f,7492984,,Not Matched EuropePMC,,[],
5fcf5f4e4992803a2a939d14,7914100643245600,,Not Matched EuropePMC,,[],941832909687278
5fcf6025499280a733939d50,6476231049516660,,Not Matched EuropePMC,,[],941832909687278
5fcf6116499280952d939d59,5166997904569020,,Not Matched EuropePMC,,[],941832909687278
5f804a85cad586259e3fdecf,7482360,10.1101/2020.02.02.20020065,Matched EuropePMC and found DOI,,[],
5f86c1f766bce02752f25685,9.32246E+14,,Not Matched EuropePMC,,[],160230992424788
5f804a82cad586259e3fd5ab,7496176,,Not Matched EuropePMC,,[],
5fcf61b549928073ec939d64,10260782391066300,,Not Matched EuropePMC,,[],941832909687278
5f86c30566bce048fbf25689,5355301500549050,10.2196/19992,Matched EuropePMC and found DOI,32877352,[],160230992424788
5fcf6235499280353b939d71,30535155589414500,,Not Matched EuropePMC,,[],941832909687278
5f993b5b1e79d093bc9ca4ce,9571715347373880,,Not Matched EuropePMC,,[],5083541653669730
5fcfa7de455bdeab71b2218e,49333623657873900,10.3399/bjgp20x711749,Matched EuropePMC and found DOI,32540872,[],10371509588157100
5f9a9ad5f00dce852c78dce4,14604379581918600,,Not Matched EuropePMC,,[],5083541653669730
5fd0b005762f2990ae6e0de7,8962073553412210,10.1136/gutjnl-2020-321650,Matched EuropePMC and found DOI,32855306,[],8886082758064490
5f9a9bb2ba0eb240330c6265,35174608674641400,,Not Matched EuropePMC,,[],5083541653669730
5fd0b1a2762f29a1926e0dec,6.03057E+14,,Not Matched EuropePMC,,[],8886082758064490
5fb696ce3936f27eb27fc37c,11382308633966900,,Not Matched EuropePMC,,[],5703995672678980
5fd0b233762f297ff56e0df1,6989907985837600,10.1016/j.ejca.2020.04.001,Matched EuropePMC and found DOI,32335477,[],8886082758064490
5f9a9c67ba0eb27cdd0c626d,9830498991117810,10.1016/j.cell.2013.08.034,Matched EuropePMC and found DOI,24035192,[],5083541653669730
5fd0fb7fa263dc188385d17b,40165612176770800,,Not Matched EuropePMC,,[],10371509588157100
6000681cd2a8e43e0c626bd1,1150245432437150,,Not Matched EuropePMC,,[],941832909687278
5fd0a3d044c26ea98d8ea21c,7154794549799590,10.1136/bmjopen-2020-043828,Matched EuropePMC and found DOI,33203640,[],8886082758064490
5f804a83cad586259e3fd891,7478627,,Not Matched EuropePMC,,[],
5f804a83cad586259e3fd8b2,7478626,10.1099/mgen.0.000393,Matched EuropePMC and found DOI,32558637,[],
5f89c0ea2d166facb264914a,45982169234732800,10.1136/bmjnph-2020-000107,Matched EuropePMC and found DOI,33521535,[],5655716292581780
60071ff89431d109adffab85,3192428290778910,,Not Matched EuropePMC,,[],22850500618628900
600961a7d4d569d82375e7db,6807865368419220,10.1016/s0140-6736(17)32397-8,Matched EuropePMC and found DOI,28903864,['86838cad-d5d3-4b65-9c37-29b0c8c36309'],5703995672678980
60118fbc80e8af563aa15dc0,11977993811106900,10.2196/19773,Matched EuropePMC and found DOI,32484782,[],18136435532680400
5f3511fdd99f965f9f1d1398,35810648575311200,10.1016/s0140-6736(19)33051-x,Matched EuropePMC and found DOI,32738957,[],22850500618628900
5f351231d99f96235a1d139c,19475567416592400,10.1016/s2589-7500(19)30123-2,Matched EuropePMC and found DOI,33323251,[],22850500618628900
5f35125ad99f96167b1d13a0,8932860877079470,10.1038/s41591-019-0603-3,Matched EuropePMC and found DOI,31551578,[],22850500618628900
5fd0fc27a263dc76b185d17f,6510876918957910,,Not Matched EuropePMC,,[],10371509588157100
5f35303823d299b8bbb8ef43,40770495525795300,,Not Matched EuropePMC,,[],22850500618628900
5fd0fc8ca263dc825185d18c,6383051926605090,,Not Matched EuropePMC,,[],10371509588157100
5fd24b21486a6e5394733914,5287876451355070,,Not Matched EuropePMC,,[],22850500618628900
5fd248a2486a6e2ecf73390c,33112981995201800,10.1101/2020.06.22.20137273,Matched EuropePMC and found DOI,,[],22850500618628900
5f804a84cad586259e3fdbc6,7495329,10.1001/jamadermatol.2020.3275,Matched EuropePMC and found DOI,32936291,[],
6013f57a690158037fcb4737,9793503388837220,,Not Matched EuropePMC,,[],10371509588157100
6013f60769015831d0cb473c,9.57856E+14,,Not Matched EuropePMC,,[],10371509588157100
6013f19c690158e6afcb4722,9745931011350400,,Not Matched EuropePMC,,[],10371509588157100
5fcf583620bfcbde6360e8d9,2351004768773010,,Not Matched EuropePMC,,[],941832909687278
5fcf5cec4992806c63939cb6,9106295185881370,,Not Matched EuropePMC,,[],941832909687278
5f4ff90cc662443e150c32d5,6.74518E+14,10.1016/s1470-2045(20)30392-2,Matched EuropePMC and found DOI,32702311,[],22850500618628900
5f50ac116589d46f8297fb3a,6281457759649230,10.1038/s43016-020-0093-y,Matched EuropePMC and found DOI,32954362,[],9762755078818650
5f50ac866589d4b8c397fb43,7949880262589250,,Not Matched EuropePMC,,[],9762755078818650
601d24defb1ab0ddd249635a,25102772911306500,,Matched EuropePMC on Title No DOI,30329255,['67020745-9def-4c6e-b5ac-bb273bd0a20e'],35263855878154100
601bea1c14111a606289f80e,2199878477671360,10.1038/jp.2017.45,Matched EuropePMC and found DOI,28383541,['67020745-9def-4c6e-b5ac-bb273bd0a20e'],35263855878154100
601bcfcd29002a92d191fb7b,2801716552701980,10.1007/s10198-017-0868-8,Matched EuropePMC and found DOI,28180977,['67020745-9def-4c6e-b5ac-bb273bd0a20e'],35263855878154100
5f804a80cad586259e3fd04e,7515579,,Not Matched EuropePMC,,[],
5f804a80cad586259e3fd08b,7385442,10.1016/j.eclinm.2020.100469,Matched EuropePMC and found DOI,32743489,[],
601d2355fb1ab03c6c496350,3717792489406880,,Not Matched EuropePMC,,[],38057372615513700
5f804a7fcad586259e3fccb8,7500586,10.1371/journal.pone.0237676,Matched EuropePMC and found DOI,32946449,[],
5f804a80cad586259e3fd180,7504024,10.3390/ijerph17176139,Matched EuropePMC and found DOI,32846977,[],
5fd3595e63918f5265a4672f,7504128986265840,10.1101/2020.09.17.20196469,Matched EuropePMC and found DOI,,[],22850500618628900
5fd35d9274e68993d3e92f50,35081888416341600,,Not Matched EuropePMC,,[],22850500618628900
601c2804a4eb5448ee77afe7,5362824998999140,10.1001/jamapediatrics.2018.1811,Matched EuropePMC and found DOI,29971428,['67020745-9def-4c6e-b5ac-bb273bd0a20e'],35263855878154100
601bfd081789d258fba8ebff,7.82768E+12,,Matched EuropePMC on Title No DOI,31545566,['67020745-9def-4c6e-b5ac-bb273bd0a20e'],35263855878154100
60212d45671e7566a1eb4c58,1403087146399750,,Not Matched EuropePMC,,[],18647111840072100
60423c54a1d54961e2fb51fd,33190643851587800,10.1136/bmj.n826,Matched EuropePMC and found DOI,33827854,['7e5f0247-f033-4f98-aed3-3d7422b9dc6d'],38168775611394900
604b82e2c901e08acd2674d8,18965750566201800,10.1016/s2468-1253(21)00058-3,Matched EuropePMC and found DOI,33713606,[],8886082758064490
604b82e2c901e09c9d2674d9,37296212927000100,10.1016/s2468-1253(21)00058-3,Matched EuropePMC and found DOI,33713606,[],8886082758064490
6025e19c73d8765aeba59de7,7864479,,Not Matched EuropePMC,,[],
602d3176ed9b07fd99d3ae95,35064978532223100,10.21203/rs.3.rs-94227/v1,Matched EuropePMC and found DOI,,[],941832909687278
6034e5d67d0d0162337811cd,6631049212109580,,Not Matched EuropePMC,,[],5083541653669730
6034e7887d0d01157b7811e0,45542389451534500,,Not Matched EuropePMC,,[],5083541653669730
603d519a64ddc9cab2456c24,41452133153423100,10.1101/2021.02.03.21251004,Matched EuropePMC and found DOI,,['6064c3a9-e4f1-411b-8181-f1fdca2ab2b8'],46430290549419600
6034e6d37d0d01c5f47811d9,6296651518669840,10.1101/570705,Matched EuropePMC and found DOI,,[],5083541653669730
6047b3005e47d7a3fa95c6f1,7700441657664360,10.1136/bmj.m3164,Matched EuropePMC and found DOI,32909959,[],11350022539553200
60364c960d1f43db1de95121,2821169545544300,,Not Matched EuropePMC,,[],2856009462470930
6048a6ce3fd6143b48dd4090,8506131978740390,10.1016/j.cmi.2021.02.007,Matched EuropePMC and found DOI,33601010,[],10371509588157100
60370525f156589d83dc878a,7871360,,Not Matched EuropePMC,,"['fc24482c-0f9b-445f-af7a-8598627c3b15', '2f66bcf9-e626-4e8d-bc6e-2d3958e709d8']",
603856b1f156589d83f0a469,7883314,,Not Matched EuropePMC,,['d858cd90-9a2f-4330-9bbe-46e047a5d0a2'],
60463f052ff8ea762766fc58,4099570634860120,10.1093/rheumatology/keaa855,Matched EuropePMC and found DOI,33271595,[],6796612405704270
603dfffb64ddc9b8d9456d8d,2147578959341650,10.2139/ssrn.3789264,Matched EuropePMC and found DOI,,[],46430290549419600
6047b2b25e47d7741295c6b9,17969330746810500,10.1136/bmj.m3210,Matched EuropePMC and found DOI,32907797,[],11350022539553200
60b0411224087d16100119b2,8108552,,Not Matched EuropePMC,,[],
6091a474cc4a88ba7b74c635,9548418816606740,,Not Matched EuropePMC,,[],393982192769045
6091a475cc4a88d3fe74c639,4.25985E+14,,Not Matched EuropePMC,,[],393982192769045
605a9da2cfd218d0be0bf124,33749694,,Matched EuropePMC on Title No DOI,33749694,[],
60a28e898358740dbe3aeb6a,5577782919200640,10.1136/bmjhci-2020-100303,Matched EuropePMC and found DOI,33980500,[],8886082758064490
605bef1e352efdbb4f3245a3,33382071,10.1093/schbul/sbaa176,Matched EuropePMC and found DOI,33382071,[],
60c7fc0e24087d161062713c,8192173,10.1016/j.bja.2021.05.018,Matched EuropePMC and found DOI,34148733,"['2b6409db-a669-4bef-9fd5-39c2b6f8d5e9', '6599230a-df54-4615-937c-d724d239491f']",
611e7482a62637f06b96e42b,9220482143420100,10.1038/s41591-021-01408-4,Matched EuropePMC and found DOI,34108714,['25bc9862-5b6c-4dda-80b2-46642d9e518a'],29901060748384300
60403fa233f38160d2ffa92d,7890379,,Not Matched EuropePMC,,[],
60e8f18c603b89b8f2ad33cb,8257056,10.1016/s2589-7500(21)00105-9,Matched EuropePMC and found DOI,34238721,"['04cb9964-54fb-4529-b09b-735c3daa1c7b', '98cda353-0011-45b2-80ca-4ed24cd084bf', 'e600dae2-a83c-4b7a-8d23-af4ac31ca374']",
60b7a94e89fc098514351098,8638804920278730,,Not Matched EuropePMC,,[],10371509588157100
60dd1410603b89b8f20ad867,34190735,,Matched EuropePMC on Title No DOI,34190735,[],
60ff5b10e7da0ddd4b105d25,8299112,10.1016/j.ebiom.2021.103485,Matched EuropePMC and found DOI,34304048,"['2b6409db-a669-4bef-9fd5-39c2b6f8d5e9', '487222b7-5c13-4a92-8b41-044796048720', 'fdfa5116-4f44-457d-99ef-e8c1852aa858', 'a77e52cc-d404-45d6-835f-32e2dc46778a', 'f06ec631-77d0-4b12-a21f-f11e7af49ba5', 'add6226b-0f21-439a-84a6-51dc26cdc425', '56a66de8-3470-4a36-ac71-4d5471e72654', '80564a6b-1458-41de-a131-772eb93c0509', 'd0eeba22-bc3f-4c40-be69-a99f916897a2', '0389ba02-98ce-4a9c-bde6-a2e5bbb5269b', 'edc109fe-7b62-40a3-921f-dfecbbfb61fd', '6599230a-df54-4615-937c-d724d239491f']",
610b388d07d6c0d5c6c9efb9,8280712,10.23889/ijpds.v5i4.1656,Matched EuropePMC and found DOI,34345715,['0e38bbf4-c788-4a1a-9af8-a24821250154'],
6114dec2db1085f998ca1eaf,5.9826E+14,,Not Matched EuropePMC,,[],8886082758064490
6117160ecfe1722e9844f0af,8343777,10.1016/j.ekir.2021.05.031,Matched EuropePMC and found DOI,34386668,[],
611b0a90cfe1722e987f46c4,8352343,10.1016/j.jaccao.2020.07.001,Matched EuropePMC and found DOI,34396248,[],
611b0a90cfe1722e987f4704,8352330,,Not Matched EuropePMC,,[],
60da710e603b89b8f2e21d06,8221738,10.1016/s1473-3099(21)00289-9,Matched EuropePMC and found DOI,34174193,"['12f1ffbc-0ddd-4d6e-b126-2cccf6738658', '98372a87-f3e6-475d-be12-46c0f9587413', '6dd0ad40-ac34-4a14-b20c-53b3c9d250a7']",
6041912133f38160d213ccd3,7901498,,Not Matched EuropePMC,,[],
611e7bdba62637136c96efcf,8360981246010010,,Not Matched EuropePMC,,[],29901060748384300
6124450dcfe1722e9807372f,8376213,10.1016/s2666-7568(21)00168-9,Matched EuropePMC and found DOI,34430954,['12f1ffbc-0ddd-4d6e-b126-2cccf6738658'],
61298b15cfe1722e9856b489,8386866,10.1101/2021.03.26.21254390,Matched EuropePMC and found DOI,,[],
6141460ec69ad8b3a3163f16,8423424,10.1093/jamiaopen/ooab001,Matched EuropePMC and found DOI,34514354,[],
61623b8fe27d54d9fd2731e1,8496109,10.1093/rap/rkab042,Matched EuropePMC and found DOI,34632260,[],
6164de8ce27d54d9fd7bc2e2,8498783,10.1016/j.hlpt.2021.100568,Matched EuropePMC and found DOI,34642622,[],
61429797c69ad8b3a344a2d3,33628949,10.12688/wellcomeopenres.16020.2,Matched EuropePMC and found DOI,33628949,[],
616f6a8f6741503157daa959,8521153,10.3389/fphys.2021.730736,Matched EuropePMC and found DOI,34671274,[],
6142978cc69ad8b3a3448950,8435805,10.1183/23120541.00167-2021,Matched EuropePMC and found DOI,34527726,[],
61702042bb1ad167ac06df80,5241889252268280,,Not Matched EuropePMC,,[],9541533584051370
617c998c67415031578350dd,8521860,10.3389/fdgth.2021.598916,Matched EuropePMC and found DOI,34713086,[],
617c998c6741503157835226,8543738,10.1177/14799731211053332,Matched EuropePMC and found DOI,34693751,[],
6170211ebb1ad1dc0406e014,1321140771745640,,Not Matched EuropePMC,,[],9541533584051370
617021e8bb1ad17e1906e124,8570454184388860,,Not Matched EuropePMC,,[],9541533584051370
6167818ee27d54d9fdd054d6,8507693,10.3390/ijerph181910265,Matched EuropePMC and found DOI,34639581,[],
61678190e27d54d9fdd05e1e,8507627,10.3390/ijerph181910156,Matched EuropePMC and found DOI,34639458,[],
616b7612e27d54d9fd4f45b8,8508012,10.1093/ehjopen/oeab019,Matched EuropePMC and found DOI,34661196,[],
6187339cc68f5110a30516a8,8548919,10.1016/j.eclinm.2021.101100,Matched EuropePMC and found DOI,34746717,[],
6187339ec68f5110a3051cef,8559117,10.1136/bmjopen-2021-053268,Matched EuropePMC and found DOI,34716166,[],
617c998d67415031578356fd,8521945,10.3389/fdgth.2021.711941,Matched EuropePMC and found DOI,34713182,[],
618733a3c68f5110a30528b7,8542376,10.7189/jogh.11.15003,Matched EuropePMC and found DOI,34737870,[],
617c99936741503157836b83,8517721,,Not Matched EuropePMC,,[],
618c79aac68f5110a3b63834,8575313,10.1371/journal.pbio.3001255,Matched EuropePMC and found DOI,34748544,[],
618c79a7c68f5110a3b63514,8573296,10.1136/bmjopen-2021-056601,Matched EuropePMC and found DOI,34740937,[],
619462a3c68f5110a3c0a041,8575146,,Not Matched EuropePMC,,[],
619462a6c68f5110a3c0a411,8589203,10.1371/journal.pmed.1003832,Matched EuropePMC and found DOI,34767555,[],
61590111e27d54d9fd056bb4,8480963,10.1016/s2213-2600(21)00380-5,Matched EuropePMC and found DOI,34599903,"['04cb9964-54fb-4529-b09b-735c3daa1c7b', 'bcfd3b49-f7f0-489e-bc1b-bcce0bd261f2', '98cda353-0011-45b2-80ca-4ed24cd084bf', '25bc9862-5b6c-4dda-80b2-46642d9e518a']",
6198571dc68f5110a3463517,8595296,10.1136/openhrt-2021-001784,Matched EuropePMC and found DOI,34785588,[],
614a808ee27d54d9fd364db6,8452068,10.1371/journal.pcbi.1009324,Matched EuropePMC and found DOI,34543272,[],
618dcb2cc68f5110a3e32b76,8574944,10.1101/2019.12.14.876474,Matched EuropePMC and found DOI,,[],
618f1c9dc68f5110a30fb75f,8571171,10.1016/j.eclinm.2021.101163,Matched EuropePMC and found DOI,34765951,[],
617fae77f4dde0605c1d8a69,7360102421656530,10.1136/bmj.n1931,Matched EuropePMC and found DOI,34446426,"['98372a87-f3e6-475d-be12-46c0f9587413', '487222b7-5c13-4a92-8b41-044796048720', 'fdfa5116-4f44-457d-99ef-e8c1852aa858', '2b6409db-a669-4bef-9fd5-39c2b6f8d5e9', '2004c512-f7c9-4995-b820-55f36aa3fad2', '6599230a-df54-4615-937c-d724d239491f', '6dd0ad40-ac34-4a14-b20c-53b3c9d250a7', 'd4c2361e-556f-4812-b17e-7f371b04c0d2']",9952605032979570
61906e1fc68f5110a33b374c,8583338,10.3390/ijerph182111380,Matched EuropePMC and found DOI,34769922,[],
6160ea10e27d54d9fdfe261d,8481905,,Not Matched EuropePMC,,[],
61a5861dc68f5110a3fd7415,8609490,10.1136/bmjopen-2021-054861,Matched EuropePMC and found DOI,34799365,[],
617faf6ef4dde03e7c1d8bfe,7.99415E+14,,Not Matched EuropePMC,,"['050163dc-1728-4ac5-a7d9-4dd3ca0ca12a', '80564a6b-1458-41de-a131-772eb93c0509', '6c4ed998-0f05-415c-a3e4-42430bb62d24', '98372a87-f3e6-475d-be12-46c0f9587413', '6dd0ad40-ac34-4a14-b20c-53b3c9d250a7', 'd0eeba22-bc3f-4c40-be69-a99f916897a2', 'b9009bc5-b7a6-4036-9d4b-a5133c0b14a3']",9952605032979570
614fc698e27d54d9fde5869f,8458108,10.1093/schizbullopen/sgab041,Matched EuropePMC and found DOI,34568827,[],
61809c1d6741503157064b3c,8524299,,Not Matched EuropePMC,,[],
614fc69ee27d54d9fde5920d,8457757,,Not Matched EuropePMC,,[],
61590115e27d54d9fd057778,8482562,10.1186/s13058-021-01465-0,Matched EuropePMC and found DOI,34593009,[],
61a58623c68f5110a3fd9244,8610617,10.1136/thoraxjnl-2021-217629,Matched EuropePMC and found DOI,34810237,['84336be3-23bd-466e-b29b-df48db897665'],
6195b42ec68f5110a3ed7e8d,8576274,,Not Matched EuropePMC,,[],
6198571cc68f5110a3462e2a,8595052,10.1136/thoraxjnl-2021-217580,Matched EuropePMC and found DOI,34782484,[],
61a5861dc68f5110a3fd7736,34786063,,Matched EuropePMC on Title No DOI,34786063,[],
61b4069debbf0a4cf706c47f,8626872,10.1016/j.seizure.2021.11.017,Matched EuropePMC and found DOI,34864250,[],
61b86e56d87078aa1363d529,7570209965738500,,Not Matched EuropePMC,,['7e5f0247-f033-4f98-aed3-3d7422b9dc6d'],4941491924034870
61b7fb1eebbf0a4cf7894499,8635464,10.1016/j.eclinm.2021.101212,Matched EuropePMC and found DOI,34873584,['594cfe55-96e3-45ff-874c-2c0006eeb881'],
61b8d07c6525ac50304335a3,31656190168835000,10.1101/2021.07.19.21260770,Matched EuropePMC and found DOI,,['25bc9862-5b6c-4dda-80b2-46642d9e518a'],4941491924034870
61a58626c68f5110a3fd9c70,8591903,10.1016/j.xgen.2021.100028,Matched EuropePMC and found DOI,34820659,[],
61b7fb1febbf0a4cf78945ef,8637874,10.1016/j.xgen.2021.100005,Matched EuropePMC and found DOI,34870259,[],
61526995e27d54d9fd379d4a,8445153,10.23889/ijpds.v6i1.1671,Matched EuropePMC and found DOI,34568585,[],
6199a8a4c68f5110a371b64a,8522420,10.1093/ofid/ofab496,Matched EuropePMC and found DOI,34796246,[],
61bb74a330d14c64e80a4de3,3995774721072070,10.1101/2021.04.01.21254789,Matched EuropePMC and found DOI,,[],4941491924034870
61b7fb1febbf0a4cf7894978,8629724,10.1016/j.lanepe.2021.100267,Matched EuropePMC and found DOI,34870256,[],
61b7fb22ebbf0a4cf7895084,8628369,10.1016/j.infpip.2021.100192,Matched EuropePMC and found DOI,34870142,[],
61b7fb22ebbf0a4cf78951a7,8637703,10.1177/20552076211048654,Matched EuropePMC and found DOI,34868617,[],
61d64d9b2fc73567419bdf22,8683272,10.1016/j.puhe.2021.12.010,Matched EuropePMC and found DOI,35038629,[],
6199a8a7c68f5110a371bcca,8598213,10.1016/s0140-6736(21)01825-0,Matched EuropePMC and found DOI,34800427,[],
61d6c811581a315ec50449a6,3.24958E+14,10.1016/j.jpainsymman.2020.03.029,Matched EuropePMC and found DOI,32278097,[],931921580120312
61d6d6c8581a31947a0465f7,4308842983834800,10.1016/j.jpainsymman.2020.04.015,Matched EuropePMC and found DOI,32325167,[],931921580120312
61b7fb24ebbf0a4cf78957df,8649951,10.3389/fcvm.2021.768245,Matched EuropePMC and found DOI,34888366,[],
61d6eb37581a31d308048ca8,3374705865874950,10.1136/medhum-2020-012111,Matched EuropePMC and found DOI,33782180,[],931921580120312
61b7fb2debbf0a4cf7896cc1,8640070,10.1038/s41598-021-00854-x,Matched EuropePMC and found DOI,34857774,[],
61dc26feb58ec455efde3cb2,5.7406E+13,10.1016/j.jinf.2021.09.022,Matched EuropePMC and found DOI,34610391,[],931921580120312
61dce51c8507469a3f649cde,8709900,10.7189/jogh.11.05026,Matched EuropePMC and found DOI,35003715,[],
61dce51f8507469a3f64b3d3,8740419,,Not Matched EuropePMC,,[],
61d70260581a31813b04c224,8339305845518900,10.1136/bmj.n2244,Matched EuropePMC and found DOI,34535466,"['2b6409db-a669-4bef-9fd5-39c2b6f8d5e9', 'fdfa5116-4f44-457d-99ef-e8c1852aa858', '6599230a-df54-4615-937c-d724d239491f']",931921580120312
61dce5238507469a3f64d587,8730737,10.1016/j.lanepe.2021.100299,Matched EuropePMC and found DOI,35013731,[],
61d713d4581a313ba204ed67,42057970860323300,10.12688/wellcomeopenres.16055.1,Matched EuropePMC and found DOI,33553677,[],931921580120312
61d718d8581a31c66404f8eb,7307093903383760,10.12688/wellcomeopenres.16193.2,Matched EuropePMC and found DOI,33564722,['12f1ffbc-0ddd-4d6e-b126-2cccf6738658'],931921580120312
61d79f1e2fc7356741cc098b,8718341,,Matched EuropePMC on Title No DOI,,[],
61d6f935581a31cbc504a542,7148204761423800,10.1136/thoraxjnl-2020-215732,Matched EuropePMC and found DOI,32796119,"['25003f25-384c-4264-9c8f-dd8734ee5595', '70656016-c1c9-4bc2-93d1-c66341fcdf36']",931921580120312
61d6e8c0581a3183a00483c7,11296919165740000,10.1016/j.jhazmat.2021.127456,Matched EuropePMC and found DOI,34655869,[],931921580120312
61ddf8b605618786507211fc,1894410705036150,,Not Matched EuropePMC,,"['25bc9862-5b6c-4dda-80b2-46642d9e518a', '1fc57971-5af5-499e-a500-4ffbb087f0c4']",931921580120312
61ddd0bc056187674c71a508,20342705098004400,,Not Matched EuropePMC,,['25bc9862-5b6c-4dda-80b2-46642d9e518a'],931921580120312
61ddefe40561870bf071db64,3755103596618140,,Not Matched EuropePMC,,['25bc9862-5b6c-4dda-80b2-46642d9e518a'],931921580120312
61d79f222fc7356741cc2068,8689407,10.1016/j.jadr.2021.100201,Matched EuropePMC and found DOI,34988540,[],
61bb1e91f913113a4897f011,8926272477277190,10.1101/2021.05.06.21256757,Matched EuropePMC and found DOI,,[],4941491924034870
61d6be7a581a3138340436d9,27129856101618500,10.1136/bmj.m2710,Matched EuropePMC and found DOI,32665316,[],931921580120312
61e0d9a08507469a3ff66bbd,8732286,10.1016/s2666-7568(21)00281-6,Matched EuropePMC and found DOI,35028631,[],
61e22b1d8507469a3f267273,8719215,10.1136/bmjopen-2021-052884,Matched EuropePMC and found DOI,35536740,[],
61df881f8507469a3fc5e2b3,8743599,10.1016/j.retram.2022.103333,Matched EuropePMC and found DOI,35104687,[],
61df881c8507469a3fc5c8dc,8744149,10.1177/20552076211059350,Matched EuropePMC and found DOI,35024157,[],
61e6ca9bb81d5c6ee2d14544,4.54272E+14,,Not Matched EuropePMC,,['20fe153c-a5e5-4991-900e-8fa9988e771a'],931921580120312
61ddbbc6056187ffc9716626,9.84721E+14,10.1016/s2589-7500(21)00105-9,Matched EuropePMC and found DOI,34238721,"['04cb9964-54fb-4529-b09b-735c3daa1c7b', '98cda353-0011-45b2-80ca-4ed24cd084bf', 'e600dae2-a83c-4b7a-8d23-af4ac31ca374']",931921580120312
61ef5a208507469a3f0ced7c,8763409,10.1016/j.jviromet.2022.114471,Matched EuropePMC and found DOI,35051442,[],
61e7711c8507469a3fe77e37,35035708,,Matched EuropePMC on Title No DOI,35035708,[],
61e61f9c8507469a3fb645c9,8758152,10.1016/s2213-2600(21)00543-9,Matched EuropePMC and found DOI,35033224,[],
61f4a020a9b48befe1db828f,8757382,10.5334/aogh.3465,Matched EuropePMC and found DOI,35087703,[],
61ef5a248507469a3f0d0dff,8774288,10.1016/j.xgen.2021.100029,Matched EuropePMC and found DOI,,[],
61f34ea1a9b48befe1b82e1b,8786320,10.1016/s2213-2600(21)00542-7,Matched EuropePMC and found DOI,35085490,[],
61e61f9d8507469a3fb64cc1,8748113,,Matched EuropePMC on Title No DOI,35035708,[],
62028f38d02da9a43629a2d4,9657262468648170,,Not Matched EuropePMC,,[],22921974741436500
62029029d02da9745829a486,8533563946116060,,Not Matched EuropePMC,,[],22921974741436500
6202911ad02da9256229a612,24650522641389100,,Not Matched EuropePMC,,[],22921974741436500
61f95c5e702c002f8b0c5bb4,8165227503530810,10.1136/bmjopen-2021-054410,Matched EuropePMC and found DOI,34598993,"['67020745-9def-4c6e-b5ac-bb273bd0a20e', 'cf4c4419-7c10-4376-a246-77b0411f9928']",35263855878154100
620b09a2a63e1afcc15c24fd,8789571,10.1016/j.immuni.2022.01.017,Matched EuropePMC and found DOI,35151371,[],
61ef5a1e8507469a3f0cd8c0,8779953,10.3390/jpm12010086,Matched EuropePMC and found DOI,35055401,[],
61e549dcd6d3ee3ea21c8488,5277053223911440,,Not Matched EuropePMC,,['84336be3-23bd-466e-b29b-df48db897665'],931921580120312
620e4cf14b461c195a1f4c4c,5913243160153280,10.1038/s41591-021-01630-0,Matched EuropePMC and found DOI,34907393,"['98372a87-f3e6-475d-be12-46c0f9587413', 'fdfa5116-4f44-457d-99ef-e8c1852aa858', '2b6409db-a669-4bef-9fd5-39c2b6f8d5e9', 'fede31c6-a9c5-4cfb-9866-9b58b2199cff', '65b04cbe-1b5c-44d7-b640-ce63fb106401', '6599230a-df54-4615-937c-d724d239491f', '6dd0ad40-ac34-4a14-b20c-53b3c9d250a7', '4e289a0f-50e7-4413-9376-ffbd13fc1a59']",504351386963084
62104f9ca63e1afcc1ed9edd,8847736,10.1101/2021.09.30.21264348,Matched EuropePMC and found DOI,,[],
620efe21a63e1afcc1c979ce,8830904,10.1016/s0140-6736(22)00163-5,Matched EuropePMC and found DOI,35151397,[],
6214441da63e1afcc1592880,8853584,10.1371/journal.pmed.1003915,Matched EuropePMC and found DOI,35176022,[],
6214441ea63e1afcc1592f17,8856572,10.1371/journal.pone.0263390,Matched EuropePMC and found DOI,35180244,[],
6214441ea63e1afcc15935c5,8855010,,Matched EuropePMC on Title No DOI,,[],
61ef5a1f8507469a3f0cdef4,8758502,10.1016/j.xgen.2021.100086,Matched EuropePMC and found DOI,35072137,[],
62144423a63e1afcc1595d93,8853724,10.1093/braincomms/fcab291,Matched EuropePMC and found DOI,35187482,[],
62198a1da63e1afcc1e56222,8849863,10.1016/j.vaccine.2022.02.056,Matched EuropePMC and found DOI,35216844,[],
62198a22a63e1afcc1e58647,8860359,10.21203/rs.3.rs-612374/v1,Matched EuropePMC and found DOI,,[],
622b8ca9609a3a76b8b8f26d,7227006540112890,10.1093/ecco-jcc/jjab103,Matched EuropePMC and found DOI,34120187,[],5083541653669730
621adba5a63e1afcc1079cac,8870552,10.1101/2021.08.11.455912,Matched EuropePMC and found DOI,,[],
623539a5437b270a2d34e114,8923694,,Not Matched EuropePMC,,['0f754b8b-353e-4e8d-9ff0-03d5e0817e02'],
62368b1d437b270a2d575c95,8900650,10.23889/ijpds.v5i4.1697,Matched EuropePMC and found DOI,35310465,[],
62368b1e437b270a2d5766c8,8861677,,Matched EuropePMC on Title No DOI,35308936,[],
621c9a22d1a55eb622ba988c,2112807233711040,,Not Matched EuropePMC,,['fc24482c-0f9b-445f-af7a-8598627c3b15'],931921580120312
62392e1f437b270a2d9f077f,35308999,,Matched EuropePMC on Title No DOI,35308999,[],
623d22a3437b270a2d0a7cac,8940185,10.1016/s2589-7500(22)00018-8,Matched EuropePMC and found DOI,35337642,[],
62425a8e437b270a2d96360c,8943308,10.1177/20552076221074122,Matched EuropePMC and found DOI,35340900,[],
62392e1f437b270a2d9f0742,35308936,,Matched EuropePMC on Title No DOI,35308936,[],
6220219ca63e1afcc1930cdc,8884508,10.1101/2021.08.20.21262349,Matched EuropePMC and found DOI,,[],
6254cf8e0eb1fdd7dbfafa3d,8994161,,Not Matched EuropePMC,,[],
625772910eb1fdd7db41a89f,8996221,10.1186/s12889-022-13069-0,Matched EuropePMC and found DOI,35410184,[],
6245cbffb76770182c1a1b38,42037103073010400,,Not Matched EuropePMC,,[],22921974741436500
626c8a8d0eb1fdd7db71c03e,9040113,,Not Matched EuropePMC,,[],
6245cb84b7677085fd1a1a0f,17105982848611900,,Not Matched EuropePMC,,[],22921974741436500
6267448e0eb1fdd7dbe3b1c6,9023380,,Matched EuropePMC on Title No DOI,,[],
626744920eb1fdd7dbe3d1e2,9021445,10.1101/2021.07.19.21260749,Matched EuropePMC and found DOI,,[],
6269e78e0eb1fdd7db2b04e0,9033213,10.1016/s1473-3099(22)00141-4,Matched EuropePMC and found DOI,35468332,[],
6224161fa63e1afcc1fbe695,8887739,10.1371/journal.pmed.1003907,Matched EuropePMC and found DOI,35231023,[],
6226b9219775293f288c786f,8894758,10.3389/fgene.2022.818574,Matched EuropePMC and found DOI,35251129,[],
62295c219775293f28d5c233,8898170,10.1016/j.eclinm.2022.101317,Matched EuropePMC and found DOI,35265823,[],
627c5c8e18492598af11edcd,9076030,10.1016/j.eclinm.2022.101419,Matched EuropePMC and found DOI,35572721,['25003f25-384c-4264-9c8f-dd8734ee5595'],
6218389ea63e1afcc1c2fcd8,8859726,10.2147/por.s353400,Matched EuropePMC and found DOI,35210898,[],
6218fb98fc0dbfee0f2985ad,9027809211671470,,Not Matched EuropePMC,,[],6744207091112180
628ed18eb7f8630341f930b7,9121886,10.2139/ssrn.3970709,Matched EuropePMC and found DOI,,[],
626ddc110eb1fdd7db9449ce,9043514,10.3389/fcvm.2022.768972,Matched EuropePMC and found DOI,35498042,[],
628ce7f034573490295662fb,8168666246334960,,Not Matched EuropePMC,,[],931921580120312
628c947b6afdaf1d8a297e36,6996109804472520,,Matched EuropePMC on Title No DOI,,[],931921580120312
628ceb6f3457340c2f56680b,8516875091338280,10.12688/wellcomeopenres.16729.2,Matched EuropePMC and found DOI,34141900,[],931921580120312
62a1468fb7f8630341ee34b4,9152464,,Not Matched EuropePMC,,[],
6271d0900eb1fdd7dbfd569a,9048584,10.1016/j.eclinm.2022.101417,Matched EuropePMC and found DOI,35505938,[],
628ed18db7f8630341f92a6b,9122960,10.1016/j.patter.2022.100471,Matched EuropePMC and found DOI,35607618,[],
62ba530d0fd9cb95326adf68,9220254,10.1101/2022.02.04.22270426,Matched EuropePMC and found DOI,,[],
628b70c0a91070730adb4319,40130648691631900,,Not Matched EuropePMC,,[],931921580120312
62ba530e0fd9cb95326aef8a,9225330,10.3390/jpm12060958,Matched EuropePMC and found DOI,35743743,[],
625772910eb1fdd7db41a7d5,8996067,10.1016/j.lanepe.2022.100381,Matched EuropePMC and found DOI,35434685,[],
628bbc0c6afdaf2fa128a01c,7344840046038750,,Not Matched EuropePMC,,[],931921580120312
627322130eb1fdd7db219cb7,9046903,,Not Matched EuropePMC,,[],
62b44fbde31877acd82fa16b,11952440319854700,10.2139/ssrn.3910058,Matched EuropePMC and found DOI,,[],931921580120312
62a1468db7f8630341ee24a7,9135049,10.23889/ijpds.v5i4.1715,Matched EuropePMC and found DOI,35677101,[],
62b65e8f0fd9cb953200e5e8,9213032,10.1016/j.lanepe.2022.100428,Matched EuropePMC and found DOI,35756853,"['ac755244-4143-4629-9170-a9e8fc98bb1e', 'e3ca35c1-b2e2-4479-adf1-6a78b1c8c088']",
62a1468eb7f8630341ee2d14,9068584,10.1016/s2666-7568(22)00072-1,Matched EuropePMC and found DOI,35685390,[],
62ce198f1f98025e1058d80f,9259560,10.1038/s43856-022-00146-z,Matched EuropePMC and found DOI,35814295,[],
62ce19911f98025e1058e2c7,9265105,10.3390/ani12131679,Matched EuropePMC and found DOI,35804579,[],
62a2980db7f863034111e763,9173611,10.1101/2021.10.25.21265475,Matched EuropePMC and found DOI,,[],
62a29810b7f863034111fc2c,9170533,10.1016/j.vaccine.2022.06.010,Matched EuropePMC and found DOI,35715350,[],
62980c12b7f8630341f675f6,9150337,10.1186/s12889-022-13453-w,Matched EuropePMC and found DOI,35637502,[],
62995d8eb7f863034119bc63,9153184,10.1016/j.isci.2022.104480,Matched EuropePMC and found DOI,35665240,[],
629aaf10b7f86303413cc954,9156666,10.1038/s41533-022-00280-0,Matched EuropePMC and found DOI,35641524,[],
629c008fb7f86303415f8554,9161606,10.1186/s41512-022-00124-y,Matched EuropePMC and found DOI,35650647,[],
6291748db7f863034142bb98,9129046,10.1101/2021.08.23.21262209,Matched EuropePMC and found DOI,,[],
62d602911f98025e102d1276,9283523,10.1101/2021.05.10.443088,Matched EuropePMC and found DOI,,[],
62e1e00e1f98025e10656d07,9309507,10.3389/fendo.2022.888924,Matched EuropePMC and found DOI,35898465,[],
62917492b7f863034142e163,9131522,10.1186/s12889-022-13457-6,Matched EuropePMC and found DOI,35614427,[],
62a53b0eb7f8630341578259,9179144,10.1016/s2665-9913(22)00098-4,Matched EuropePMC and found DOI,35698725,[],
62ad240cebe2eaf30793c934,9096912,10.1016/j.eclinm.2022.101428,Matched EuropePMC and found DOI,35706489,[],
62a7de0cb7f86303419db3bf,9179175,10.1016/s2589-7500(22)00091-7,Matched EuropePMC and found DOI,35690576,[],
62d7540e1f98025e104fde17,9175663,,Not Matched EuropePMC,,[],
62e8778e1f98025e1012f0d0,9284509,10.23889/ijpds.v7i1.1725,Matched EuropePMC and found DOI,35909577,[],
6317ed91213fca2cadb5a6ea,9437594,10.3389/fdgth.2022.939292,Matched EuropePMC and found DOI,36060542,[],
62e8778e1f98025e1012f4fb,9330654,10.1016/j.lanepe.2022.100462,Matched EuropePMC and found DOI,35915784,[],
62e9c9171f98025e1036dfcc,9333950,10.1016/s2589-7500(22)00123-6,Matched EuropePMC and found DOI,35909058,[],
6295690fb7f8630341ae809b,9120928,,Not Matched EuropePMC,,[],
62ef0f161f98025e10c410a2,9349208,10.1038/s41467-022-32121-6,Matched EuropePMC and found DOI,35922409,[],
62ef0f1d1f98025e10c4485c,9349177,10.1038/s41467-022-32219-x,Matched EuropePMC and found DOI,35922433,[],
62f0ed3a23d17d2680c22dd7,7418974237609840,,Not Matched EuropePMC,,[],931921580120312
62e9c9191f98025e1036e88f,9333998,10.1016/s0140-6736(22)01109-6,Matched EuropePMC and found DOI,35908569,[],
62eb1a8d1f98025e105a02be,9341053,10.1186/s12911-022-01947-x,Matched EuropePMC and found DOI,35915500,[],
62eb1a8f1f98025e105a0a60,9340533,10.1016/j.lanepe.2022.100475,Matched EuropePMC and found DOI,35923560,[],
62f1054423d17daf08c25993,27750204835106000,10.5271/sjweh.4048,Matched EuropePMC and found DOI,35770926,['fdfa5116-4f44-457d-99ef-e8c1852aa858'],931921580120312
6312a78e213fca2cad267f7d,9426684,10.3389/fcvm.2022.894503,Matched EuropePMC and found DOI,36051279,[],
62fa4f8238661d0a9aad9ad2,7.398E+14,,Not Matched EuropePMC,,['529f126b-660c-4c31-aeb2-765dac1d9df0'],931921580120312
62eb9ef473678ed45150b19c,8184050486415210,10.12688/wellcomeopenres.17294.2,Matched EuropePMC and found DOI,,[],931921580120312
62fd8f8d4b0094c18d02ef7a,9374597,10.1016/j.jviromet.2022.114607,Matched EuropePMC and found DOI,35973468,[],
62fd8f8e4b0094c18d02f54a,9377297,10.1038/s41467-022-32264-6,Matched EuropePMC and found DOI,35970827,[],
63266e101540328e8a86dd1d,9453996,10.1136/bmjopen-2022-063199,Matched EuropePMC and found DOI,36691123,[],
6321280f1540328e8af65491,9453425,,Not Matched EuropePMC,,[],
632e570e1540328e8a60b734,9490173,10.3389/fdgth.2022.874237,Matched EuropePMC and found DOI,36158997,[],
632e570f1540328e8a60c2d4,9489064,10.1016/s2589-7500(22)00147-9,Matched EuropePMC and found DOI,36150783,[],
62faec8e4b0094c18db9ed74,9368485,10.3390/ijerph19159578,Matched EuropePMC and found DOI,35954935,[],
63324b911540328e8ad04885,9499825,10.1016/j.lanepe.2022.100501,Matched EuropePMC and found DOI,36168404,[],
6317ed90213fca2cadb5a078,9436870,10.1101/2020.11.03.20220699,Matched EuropePMC and found DOI,,[],
631a071211ff89ba701f57b2,5396982123600230,10.1136/bmjpo-2022-001424,Matched EuropePMC and found DOI,36053632,['67020745-9def-4c6e-b5ac-bb273bd0a20e'],35263855878154100
631a082e11ff89196f1f5a92,39254336923170900,10.1136/bmjpo-2022-001543,Matched EuropePMC and found DOI,36053624,[],35263855878154100
631a093611ff89862c1f5bf7,6827774182122540,10.1016/j.earlhumdev.2022.105619,Matched EuropePMC and found DOI,35809401,['67020745-9def-4c6e-b5ac-bb273bd0a20e'],35263855878154100
630032944b0094c18d4bc976,9381845,10.1016/j.lana.2022.100335,Matched EuropePMC and found DOI,35991675,[],
633314c97bed14c143b9926a,6.2358E+14,10.2139/ssrn.4082927,Matched EuropePMC and found DOI,,['25bc9862-5b6c-4dda-80b2-46642d9e518a'],931921580120312
633f7a97966c7067e458596a,9413596,10.1177/23992026211048421,Matched EuropePMC and found DOI,36204496,[],
630c100da1390ecbe0d313eb,9403885,10.1212/nxg.0000000000200015,Matched EuropePMC and found DOI,36035235,[],
62faec8f4b0094c18db9f162,9357441,,Not Matched EuropePMC,,[],
62faec904b0094c18dba03b1,9364733,,Not Matched EuropePMC,,[],
63436f0fb02f57d43e0fd91e,9537599,10.3389/fcvm.2022.983091,Matched EuropePMC and found DOI,36211555,[],
634f4c8eb02f57d43e554d6a,9560746,10.1016/s0140-6736(22)01656-7,Matched EuropePMC and found DOI,36244382,[],
63436f0fb02f57d43e0fd96a,9546886,10.1038/s43856-022-00185-6,Matched EuropePMC and found DOI,36217535,[],
63436f13b02f57d43e100211,9537278,10.1038/s43856-022-00189-2,Matched EuropePMC and found DOI,36210800,[],
62faec944b0094c18dba22cf,9365699,10.1038/s41586-022-05023-2,Matched EuropePMC and found DOI,35948708,[],
63588710b02f57d43e4fc711,9588058,10.1038/s41746-022-00705-7,Matched EuropePMC and found DOI,36273236,[],
63107af9ca2fc154c9dc28f6,5202133724182160,,Not Matched EuropePMC,,[],931921580120312
6310a98aca2fc173b6dc7e78,28280795938340500,,Not Matched EuropePMC,,[],931921580120312
63266e0e1540328e8a86ce2b,9465559,,Matched EuropePMC on Title No DOI,,[],
6365c422b02f57d43eb514cc,9624227,10.3389/fimmu.2022.1032331,Matched EuropePMC and found DOI,36330526,[],
636c5b9db02f57d43e68dd68,9635838,10.1016/j.lanepe.2022.100533,Matched EuropePMC and found DOI,36373099,"['25bc9862-5b6c-4dda-80b2-46642d9e518a', '1fc57971-5af5-499e-a500-4ffbb087f0c4']",
6351ef93b02f57d43e9f7691,9576777,10.1038/s41467-022-33675-1,Matched EuropePMC and found DOI,36253349,[],
63549290b02f57d43ee585f2,9582845,10.3389/fpubh.2022.875198,Matched EuropePMC and found DOI,36276403,[],
631be2171540328e8a65b37e,9403753,10.1136/bmj-2021-069048,Matched EuropePMC and found DOI,36562446,[],
631fd68d1540328e8ad18fe1,9449358,10.1136/bmj-2022-071230,Matched EuropePMC and found DOI,36215226,[],
631fd68d1540328e8ad1905f,9461087,,Matched EuropePMC on Title No DOI,,[],
635c7b8eb02f57d43ebb396c,9589337,10.1183/23120541.00211-2022,Matched EuropePMC and found DOI,36299367,[],
635ddb1fb02f57d43edf6259,9599905,10.3390/biomedicines10102662,Matched EuropePMC and found DOI,36289925,[],
637c2d9fae505c5bc758a906,9644860,,Matched EuropePMC on Title No DOI,,[],
637642df580539197b1fbac0,3690896007546350,10.1001/jamapsychiatry.2022.3614,Matched EuropePMC and found DOI,36350602,"['777d6ac1-6879-4750-9a85-9e42d28bb8d4', 'fede31c6-a9c5-4cfb-9866-9b58b2199cff', 'fdfa5116-4f44-457d-99ef-e8c1852aa858', '4e289a0f-50e7-4413-9376-ffbd13fc1a59']",931921580120312
6385681e13f9bccb47414102,9691150,10.1101/2022.08.15.22278736,Matched EuropePMC and found DOI,,[],
63aba3a113f9bccb4729e0b2,9781616,10.3390/v14122625,Matched EuropePMC and found DOI,36560629,[],
634b580db02f57d43ee93227,9556711,10.1038/s41467-022-33415-5,Matched EuropePMC and found DOI,36224173,[],
6397dd1d13f9bccb473943be,9738189,10.3390/ijerph192315544,Matched EuropePMC and found DOI,36497616,[],
6397dd1f13f9bccb47395a9b,9740080,,Not Matched EuropePMC,,[],
6397dd2413f9bccb47398c89,9738639,10.1101/2022.05.10.22274890,Matched EuropePMC and found DOI,,[],
6381739e72807fe578a3d701,9645061,,Matched EuropePMC on Title No DOI,,[],
63a2692713f9bccb47462096,9753891,10.1038/s41467-022-35454-4,Matched EuropePMC and found DOI,36522333,[],
6378392ab02f57d43eac3044,9639388,10.1101/2022.02.01.22270235,Matched EuropePMC and found DOI,,[],
637c2d9fae505c5bc758a8aa,9644982,,Matched EuropePMC on Title No DOI,,[],
634b5813b02f57d43ee96b65,9556436,10.1038/s41467-022-33826-4,Matched EuropePMC and found DOI,36224187,[],
631fd6971540328e8ad1e3dc,9462779,,Not Matched EuropePMC,,[],
63aba3a413f9bccb4729efd4,9789116,10.1101/2021.05.21.445058,Matched EuropePMC and found DOI,,[],
6385682413f9bccb474159a1,9691043,10.1016/s0140-6736(22)02235-8,Matched EuropePMC and found DOI,36929968,[],
6385682413f9bccb47415a96,9683031,10.3389/fsurg.2022.870494,Matched EuropePMC and found DOI,36439548,[],
6385682e13f9bccb4741892c,9700776,10.1101/2022.09.08.507136,Matched EuropePMC and found DOI,,[],
638de820c830fd4b06fc9d01,2741711857286240,,Not Matched EuropePMC,,['7e5f0247-f033-4f98-aed3-3d7422b9dc6d'],38168775611394900
63c35ea0995b00c759f6643a,9834412,10.1177/20552076221128677,Matched EuropePMC and found DOI,36644660,[],
63880b2013f9bccb478c6643,9639123,10.1136/gpsych-2022-100819,Matched EuropePMC and found DOI,36447757,[],
63a50c1e13f9bccb4787521c,9762734,10.1016/j.ebiom.2022.104402,Matched EuropePMC and found DOI,36543718,[],
63a50c1e13f9bccb4787523b,9742024,10.1186/s12879-022-07856-8,Matched EuropePMC and found DOI,36503414,[],
63a50c1e13f9bccb47875776,9755180,10.3389/fpubh.2022.1035415,Matched EuropePMC and found DOI,36530697,[],
63b0e99c13f9bccb47abdd36,9799310,10.1371/journal.pone.0279381,Matched EuropePMC and found DOI,36580462,[],
63a50c1e13f9bccb478758af,9742089,10.1097/txd.0000000000001398,Matched EuropePMC and found DOI,36518792,[],
63ba242013f9bccb4791e453,9814485,10.3389/fphys.2022.1089343,Matched EuropePMC and found DOI,36620207,[],
63bcc72113f9bccb47d37642,9821346,10.1038/s41467-022-35771-8,Matched EuropePMC and found DOI,36609574,"['d47c809f-3da8-4f8a-b1ee-258d21aad530', '98cda353-0011-45b2-80ca-4ed24cd084bf', 'dca0c95b-ae7d-4163-8c3b-a881f779df02', '3b87eef0-bfb6-4bf4-84b9-29880197fec9']",
63895ca313f9bccb47b19830,9706255,10.3389/fpubh.2022.1017337,Matched EuropePMC and found DOI,36457326,[],
63db19a7dd05c4f2f550c4f4,9881210,,Not Matched EuropePMC,,[],
63b0e99f13f9bccb47abf137,9799317,10.1371/journal.pmed.1004141,Matched EuropePMC and found DOI,36580444,[],
6392971c13f9bccb47b44cab,9723413,10.1136/bmjopen-2022-064320,Matched EuropePMC and found DOI,36576189,[],
6392971e13f9bccb47b456e7,9725132,10.1371/journal.pmed.1004124,Matched EuropePMC and found DOI,36472984,[],
6392972013f9bccb47b46e22,9723859,10.1136/bmjopen-2021-058058,Matched EuropePMC and found DOI,36576182,[],
63a7af2813f9bccb47c8c44c,9770021,10.1136/bmjmed-2022-000215,Matched EuropePMC and found DOI,36568709,[],
63d9c821dd05c4f2f52f0613,9707970,10.1093/ehjdh/ztab082,Matched EuropePMC and found DOI,36713101,[],
638aae1e13f9bccb47d6b5e0,9708088,10.1016/s2213-2600(22)00360-5,Matched EuropePMC and found DOI,36216011,[],
63dc6b20dd05c4f2f5729832,9887579,,Not Matched EuropePMC,,[],
63b0e9a813f9bccb47ac338e,9799999,10.3389/fncel.2022.1050596,Matched EuropePMC and found DOI,36589292,[],
63e229e5a969101d90a9c7c3,4620386885272700,,Not Matched EuropePMC,,[],5648313829043340
63eaeb9cdd05c4f2f5df5fad,9917699,10.3390/jcm12030872,Matched EuropePMC and found DOI,36769519,[],
63f4262718a14003d100aec1,9938183,10.21203/rs.3.rs-1602069/v1,Matched EuropePMC and found DOI,,[],
63f54ea90ef02484a4594223,8886909967306310,,Not Matched EuropePMC,,"['a325f33e-bac8-49af-896f-1e025941dae8', '487222b7-5c13-4a92-8b41-044796048720', 'fdfa5116-4f44-457d-99ef-e8c1852aa858']",931921580120312
63eaeb9edd05c4f2f5df7092,9911979,10.1016/j.jinf.2023.02.012,Matched EuropePMC and found DOI,36773891,[],
63d9c823dd05c4f2f52f11b2,9707891,10.1093/ehjdh/ztaa016,Matched EuropePMC and found DOI,36711167,[],
63eaeb9edd05c4f2f5df763e,9918111,10.3390/jcm12031106,Matched EuropePMC and found DOI,36769754,[],
63eaebaadd05c4f2f5dfc87b,9903787,10.1101/2021.12.29.21268310,Matched EuropePMC and found DOI,,[],
63c001f9b6334c2829f8611b,5890820454755400,10.1136/archdischild-2021-322644,Matched EuropePMC and found DOI,35318196,"['69996d55-ead8-4c8a-a2b6-eb5cdc0e7d75', '2ed7bbbc-80db-46c2-a45b-632dda40794b', '777d6ac1-6879-4750-9a85-9e42d28bb8d4', '6904a2ff-ab44-4dd6-b9ec-25d3cad29e43']",931921580120312
63e6f71fdd05c4f2f57ccad8,9907844,,Not Matched EuropePMC,,[],
63d9c81ddd05c4f2f52eda8f,9847024,10.1186/s12882-022-03043-8,Matched EuropePMC and found DOI,36653750,[],
63fd60a7bc79aa93d31dfc4e,9951545,,Not Matched EuropePMC,,[],
63d9c826dd05c4f2f52f2806,9874026,10.1101/2022.08.08.22278532,Matched EuropePMC and found DOI,,[],
63f81aaa18a14003d161e01b,9790090,10.1183/23120541.00274-2022,Matched EuropePMC and found DOI,36820079,[],
63f0319e18a14003d1a1452f,9926377,10.1177/26335565221148616,Matched EuropePMC and found DOI,36798088,[],
63c7d6166f112cd9744d0c9d,11526144611704000,,Not Matched EuropePMC,,"['fb3fac03-a428-4b3f-8058-5622e1fd57d8', 'e4f6d9a8-88d0-4781-b192-cd165451b272', '255d70c6-9a50-4b62-adc0-44216606a216']",931921580120312
6402a69df6f4a2c7e80f081c,9975411,,Not Matched EuropePMC,,[],
64191021f6f4a2c7e845b4b8,9951378,10.1136/bmjmed-2022-000276,Matched EuropePMC and found DOI,36936265,[],
6402a6a1f6f4a2c7e80f2ec1,9973128,10.1136/bmj-2022-073149,Matched EuropePMC and found DOI,36854461,[],
63f96c1e18a14003d1821a50,9943695,10.1136/bmjopen-2022-071261,Matched EuropePMC and found DOI,36806073,[],
6402a6a4f6f4a2c7e80f416d,9975985,,Not Matched EuropePMC,,[],
64151b9ff6f4a2c7e8e1e893,10014664,10.1136/bmj-2022-072808,Matched EuropePMC and found DOI,36921925,[],
64151b9ff6f4a2c7e8e1ed55,10015012,10.1038/s41467-023-36997-w,Matched EuropePMC and found DOI,36918541,[],
641d04a4f6f4a2c7e8aae09b,10030004,10.2147/clep.s384605,Matched EuropePMC and found DOI,36960327,[],
64191021f6f4a2c7e845b9b8,10021296,10.1101/2021.11.01.21265660,Matched EuropePMC and found DOI,,[],
6430bd18df4b47842d29c48b,10072237,,Not Matched EuropePMC,,[],
6430bd1ddf4b47842d29e006,10072853,10.1016/j.eclinm.2023.101932,Matched EuropePMC and found DOI,37034358,[],
64320e8ddf4b47842d4a4cf2,10079126,10.1371/journal.pmed.1004191,Matched EuropePMC and found DOI,37022988,[],
64320e8edf4b47842d4a56c1,10076248,10.1016/j.seizure.2023.04.006,Matched EuropePMC and found DOI,37080124,[],
6402a6a8f6f4a2c7e80f5c31,9971655,,Not Matched EuropePMC,,[],
640a8f9df6f4a2c7e8d846fc,9989643,10.1016/j.ebiom.2023.104489,Matched EuropePMC and found DOI,36857859,[],
6440f917f5c3be8901d76029,4588375727248610,,Matched EuropePMC on Title No DOI,,[],931921580120312
642cc88edf4b47842dc5cbf1,10055803,10.3390/vaccines11030604,Matched EuropePMC and found DOI,36992188,[],
64191025f6f4a2c7e845d750,9951363,10.1136/bmjmed-2022-000151,Matched EuropePMC and found DOI,36936592,[],
641d04a6f6f4a2c7e8aae7d6,10031708,10.1101/2022.08.08.22278493,Matched EuropePMC and found DOI,,[],
6419101ef6f4a2c7e8459b61,10024232,10.1016/j.xkme.2023.100613,Matched EuropePMC and found DOI,36941845,[],
6419101ff6f4a2c7e845a27c,9951384,10.1136/bmjmed-2022-000371,Matched EuropePMC and found DOI,36936262,[],
6419101ff6f4a2c7e845a6c8,9978673,10.1136/bmjmed-2022-000247,Matched EuropePMC and found DOI,36936594,[],
64093e1ef6f4a2c7e8b6843f,9986621,10.1101/2021.06.21.21259276,Matched EuropePMC and found DOI,,[],
642cc896df4b47842dc6079f,10053643,10.1093/braincomms/fcad041,Matched EuropePMC and found DOI,37006331,[],
642cc897df4b47842dc60905,10043416,10.3389/fmicb.2023.1070340,Matched EuropePMC and found DOI,36998408,[],
642cc89cdf4b47842dc626cd,10048808,10.3390/ijerph20065161,Matched EuropePMC and found DOI,36982069,[],
642e1a0fdf4b47842de79d32,10017143,10.14336/ad.2022.0829,Matched EuropePMC and found DOI,37008054,[],
64375491df4b47842dcd8128,10083523,10.1136/bmjmed-2022-000245,Matched EuropePMC and found DOI,37067859,[],
6449c9912ab56620282ea778,10121133,10.1016/j.canep.2023.102367,Matched EuropePMC and found DOI,37119604,[],
6409d301075ce62d6e77464f,6567624730389100,,Not Matched EuropePMC,,[],931921580120312
6438a60fdf4b47842dee1c82,10087108,10.3389/fimmu.2023.1146702,Matched EuropePMC and found DOI,37056776,[],
6439f78fdf4b47842d0f055a,10093616,10.3390/cancers15072031,Matched EuropePMC and found DOI,37046692,[],
63f1832018a14003d1c0d194,9931350,10.1101/2022.08.12.22278678,Matched EuropePMC and found DOI,,[],
63f1832218a14003d1c0dbf1,9931327,10.1371/journal.pdig.0000190,Matched EuropePMC and found DOI,36812613,[],
6439f793df4b47842d0f2079,10088280,10.1016/j.ufug.2023.127934,Matched EuropePMC and found DOI,37124165,[],
64191026f6f4a2c7e845dd69,10021216,10.1371/journal.pgph.0000292,Matched EuropePMC and found DOI,36962407,[],
643b4921df4b47842d2f8963,10100071,10.1111/rssa.12955,Matched EuropePMC and found DOI,37063605,[],
63f1832518a14003d1c0ecad,9933896,10.1210/jendso/bvad020,Matched EuropePMC and found DOI,36819459,[],
63f1832b18a14003d1c11258,9931303,10.1101/2021.06.24.21259374,Matched EuropePMC and found DOI,,[],
644b1b12b78e15d2c0c5100b,10128160,10.1093/cei/uxad008,Matched EuropePMC and found DOI,36722341,[],
64191027f6f4a2c7e845e538,10021875,,Not Matched EuropePMC,,[],
644c6c8db78e15d2c0e54232,10130764,10.1016/j.heliyon.2023.e15143,Matched EuropePMC and found DOI,37123891,[],
642cc88edf4b47842dc5ccf0,10053639,,Not Matched EuropePMC,,[],
6472a80d9d03b19cd0782705,10212114,10.1371/journal.pbio.3002118,Matched EuropePMC and found DOI,37228015,[],
642cc88fdf4b47842dc5d44b,10057771,10.3390/vaccines11030680,Matched EuropePMC and found DOI,36992264,[],
640a8fa9f6f4a2c7e8d8976c,9991512,,Not Matched EuropePMC,,[],
6470051a9d03b19cd0371dcc,10202820,10.1016/j.jad.2022.11.051,Matched EuropePMC and found DOI,36442657,[],
644f0f8db78e15d2c0258c7e,10139952,10.1016/j.lanepe.2023.100638,Matched EuropePMC and found DOI,37124948,['25bc9862-5b6c-4dda-80b2-46642d9e518a'],
640fd59cf6f4a2c7e85be7fd,10001974,10.3390/ijerph20054534,Matched EuropePMC and found DOI,36901540,[],
646c108e9d03b19cd0d47e69,10186397,10.1016/j.lanepe.2023.100653,Matched EuropePMC and found DOI,37363797,[],
644f0f8db78e15d2c0258de9,10139026,10.1016/s2468-2667(23)00079-8,Matched EuropePMC and found DOI,37120260,[],
6477ee149d03b19cd0fb9692,10226747,10.1093/ageing/afad077,Matched EuropePMC and found DOI,37247403,[],
6479c6f432d38d1d34d76bb0,9365954852290500,,Not Matched EuropePMC,,[],8910740368655560
6479c84a32d38ddc8fd76e30,10971790817827300,,Not Matched EuropePMC,,[],22850500618628900
64754b0c9d03b19cd0b91a48,10220644,10.3390/vaccines11050988,Matched EuropePMC and found DOI,37243092,[],
644f0f94b78e15d2c025bc85,10138823,10.1371/journal.pmed.1004221,Matched EuropePMC and found DOI,37104291,[],
640fd5a3f6f4a2c7e85c2ae5,9998276,10.1016/s2214-109x(23)00007-4,Matched EuropePMC and found DOI,36706770,[],
6456f88eb78e15d2c0e2495b,10152550,10.3389/fped.2023.1148975,Matched EuropePMC and found DOI,37144149,[],
6456f88eb78e15d2c0e24a72,10151875,10.1136/bmjopen-2022-070022,Matched EuropePMC and found DOI,37185641,[],
6456f890b78e15d2c0e255ab,10152257,10.1183/23120541.00591-2022,Matched EuropePMC and found DOI,37143831,[],
6479dffb9b13ca726c91e508,5529719997671380,,Not Matched EuropePMC,,[],1273393614397880
64512db74baeb848a13b4a02,6308920437913970,,Not Matched EuropePMC,,"['2004c512-f7c9-4995-b820-55f36aa3fad2', 'd4c2361e-556f-4812-b17e-7f371b04c0d2']",931921580120312
64769c909d03b19cd0da55b5,9997656,10.3399/bjgp.2022.0353,Matched EuropePMC and found DOI,37105743,[],
64599b8db78e15d2c0204b04,10155829,10.1016/j.lanepe.2023.100636,Matched EuropePMC and found DOI,37363796,[],
64e4d81a42a07c6f2187716a,7568428075939130,10.1136/bmjopen-2022-065934,Matched EuropePMC and found DOI,36379645,['67020745-9def-4c6e-b5ac-bb273bd0a20e'],35263855878154100
655dd2e544148e7aab3a6435,3.37139E+14,10.1136/archdischild-2023-326167,Matched EuropePMC and found DOI,37968087,['67020745-9def-4c6e-b5ac-bb273bd0a20e'],35263855878154100
64851d10b399a27e8cedf6a9,10245348,10.1140/epjds/s13688-023-00394-6,Matched EuropePMC and found DOI,37293269,[],
659d37f0827fda2f21ec0086,7766794220356980,,Matched EuropePMC on Title No DOI,,['777d6ac1-6879-4750-9a85-9e42d28bb8d4'],931921580120312
64827a12b399a27e8cab868a,10240109,10.1140/epjds/s13688-023-00391-9,Matched EuropePMC and found DOI,37284234,[],
64e4da43c3269d3dc8157119,41432788489341600,10.1159/000527522,Matched EuropePMC and found DOI,36603553,['67020745-9def-4c6e-b5ac-bb273bd0a20e'],35263855878154100
64e4dcc4c3269dde4e1576a3,2.96748E+14,10.1183/13993003.00825-2023,Matched EuropePMC and found DOI,37591537,['67020745-9def-4c6e-b5ac-bb273bd0a20e'],35263855878154100
64e4dd7ac3269dbdd41577a9,6625637243908610,10.1186/s13063-022-06730-x,Matched EuropePMC and found DOI,36131325,['67020745-9def-4c6e-b5ac-bb273bd0a20e'],35263855878154100
64e4db0cc3269d3f5f15728d,8979220278421260,10.1136/archdischild-2022-324919,Matched EuropePMC and found DOI,36759167,['67020745-9def-4c6e-b5ac-bb273bd0a20e'],35263855878154100
6494ef0db399a27e8c742808,10280033,,Not Matched EuropePMC,,[],
648e5791b399a27e8cd566ac,10259832,10.1016/s2215-0366(23)00113-x,Matched EuropePMC and found DOI,37321240,[],
6494ef17b399a27e8c745359,10281639,,Not Matched EuropePMC,,[],
654e45f1fe9ce55ed4538a35,5136925394641970,,Not Matched EuropePMC,,['67020745-9def-4c6e-b5ac-bb273bd0a20e'],35263855878154100
64e5d4e3effe76d4ee4c0dc9,9396847298690650,10.1177/00045632241261274,Matched EuropePMC and found DOI,38806176,[],40930894256863600
6497921bb399a27e8cb40d6f,10282241,10.1136/bmj-2022-072976,Matched EuropePMC and found DOI,37343968,[],
649d5b27dfcab156f356bddd,2.63202E+14,,Not Matched EuropePMC,,[],6958421021490280
649a350eb399a27e8cf3de95,10290558,10.1155/2023/5885059,Matched EuropePMC and found DOI,37363696,[],
65cc8dcc2370ae0d45627a63,1709106198669220,,Not Matched EuropePMC,,['7e5f0247-f033-4f98-aed3-3d7422b9dc6d'],38168775611394900
654e3ab062e3e971cacc6206,11523649445962700,10.1136/archdischild-2023-325970,Matched EuropePMC and found DOI,37923384,['67020745-9def-4c6e-b5ac-bb273bd0a20e'],35263855878154100
654e3e2e1890abbce028c0df,9984620514569270,,Not Matched EuropePMC,,['67020745-9def-4c6e-b5ac-bb273bd0a20e'],35263855878154100
654e3fd48d16793a131e3e37,2677038311653030,10.1136/archdischild-2023-325746,Matched EuropePMC and found DOI,37788897,['67020745-9def-4c6e-b5ac-bb273bd0a20e'],35263855878154100
64a8b593b399a27e8c50a0c9,10317841,10.1016/j.jcmg.2023.01.016,Matched EuropePMC and found DOI,37407123,[],
65f436094b48d0c12c9b1044,4828533510316830,10.1136/archdischild-2022-324642,Matched EuropePMC and found DOI,35953267,['67020745-9def-4c6e-b5ac-bb273bd0a20e'],35263855878154100
663b4823ae0c61f15903cad6,49182657514113200,10.1038/s41390-024-03157-9,Matched EuropePMC and found DOI,38565915,['67020745-9def-4c6e-b5ac-bb273bd0a20e'],35263855878154100
654e43276dc1fc953d0d2aa8,7648916438500480,10.1136/thorax-2023-220174,Matched EuropePMC and found DOI,37640548,['67020745-9def-4c6e-b5ac-bb273bd0a20e'],35263855878154100
64e7338840c6332783ebbe72,6242730526210190,10.1001/jamanetworkopen.2023.1165,Matched EuropePMC and found DOI,36857051,['67020745-9def-4c6e-b5ac-bb273bd0a20e'],35263855878154100
649d5a6fdfcab1a01556bc2d,1628243476067320,,Not Matched EuropePMC,,['216ecfb2-5126-4323-bf2c-3d787abbc03e'],6958421021490280
64e732f040c633b1dbebbd7b,39197891590374400,10.1136/archdischild-2022-324272,Matched EuropePMC and found DOI,36261144,['67020745-9def-4c6e-b5ac-bb273bd0a20e'],35263855878154100
663b48ffb94381600c332b0f,8269823679994160,10.1136/archdischild-2023-325986,Matched EuropePMC and found DOI,38346868,['67020745-9def-4c6e-b5ac-bb273bd0a20e'],35263855878154100
64e4d96b42a07c3c878774e4,9224993567919050,10.1038/s41390-023-02527-z,Matched EuropePMC and found DOI,36899124,['67020745-9def-4c6e-b5ac-bb273bd0a20e'],35263855878154100
64a8b58cb399a27e8c507b78,10318942,10.1136/bmj-2022-073639,Matched EuropePMC and found DOI,37407076,[],
64e4cd61a547e34da4add0d1,8278385866328340,10.1136/bmjopen-2022-063835,Matched EuropePMC and found DOI,36396314,['67020745-9def-4c6e-b5ac-bb273bd0a20e'],35263855878154100
64e4d3fba20bca04b2b1567f,28288436579480200,10.1542/peds.2022-057442,Matched EuropePMC and found DOI,36330752,['67020745-9def-4c6e-b5ac-bb273bd0a20e'],35263855878154100
64e4d2bba20bca5c90b1544d,23373696876783200,10.1136/bmjhci-2023-100781,Matched EuropePMC and found DOI,37364923,['67020745-9def-4c6e-b5ac-bb273bd0a20e'],35263855878154100
64e4cfaaa20bca465fb14d3e,6155665672501390,10.1136/bmjpo-2022-001818,Matched EuropePMC and found DOI,37130654,['67020745-9def-4c6e-b5ac-bb273bd0a20e'],35263855878154100
64e4cf08a547e35b90add36a,2546492821878490,10.1136/archdischild-2022-325157,Matched EuropePMC and found DOI,36958813,['67020745-9def-4c6e-b5ac-bb273bd0a20e'],35263855878154100
64e4d1e3a20bca38b1b152d0,10064784080271600,10.1136/bmjhci-2022-100694,Matched EuropePMC and found DOI,36720494,['67020745-9def-4c6e-b5ac-bb273bd0a20e'],35263855878154100
64b53a9c111c0c4c17221a81,6682245770538010,10.20944/preprints202303.0032.v1,Matched EuropePMC and found DOI,,[],931921580120312
5f1ff6a1114dcd2cc53e68c4,7292602,10.1016/s2589-7500(20)30134-5,Matched EuropePMC and found DOI,32835195,[],